llc_name,Owner2,property_address,MailCity,APN,LastSeller,LastSaleDate,sale_price,ppp_loan_count,ppp_total_approved,ppp_total_forgiven,ppp_business_names,ppp_locations,naics_codes,nonprofit_flags,approval_dates,loan_statuses,jobs_reported
"LIDO HOUSE, LLC",,3300 NEWPORT BLVD,NEWPORT BEACH,988-069-68,",",,,1,3898800.0,3934968.72,LIDO HOUSE LLC,"NEWPORT BEACH, CA; Newport Beach, CA",721110,,04/14/2; 02/22/2,Paid in Full,276.0
TRIUMVIRATE LLC,,21951 BROOKHURST ST,FOUNTAIN VALLEY,151-234-09,"ROSELL, DAVID T; ROSELL, LORI L",11/19/2021,2800000.0,2,1471840.0,1485592.73,"TRIUMVIRATE, LLC; TRIUMVIRATE LLC","ANCHORAGE, AK; Anchorage, AK",721199; 713920,,04/09/2; 02/17/2,Paid in Full,45.0
STEWART INDUSTRIES LLC,,3311 BOUNTY CIR,SEAL BEACH,178-431-14,"STEWART, JOSH; STEWART, BRENDA",05/04/2021,0.0,1,1128327.5,1137910.56,STEWART INDUSTRIES LLC,"Battle Creek, MI; BATTLE CREEK, MI",336211,,04/15/2; 03/31/2,Paid in Full,101.0
PACIFIC METALS GROUP LLC,,829 HARBOR ISLAND DR,CORONA,988-009-52,",",,,1,745936.7,753947.86,"PACIFIC METALS GROUP, LLC","Ontario, CA; ONTARIO, CA",336413; 332322,,04/14/2; 01/30/2,Paid in Full,71.0
MNM GROUP LLC,,18319 EUCLID ST,VERNON,932-882-04,"BSP E405 LLC,",12/30/2022,4700000.0,1,647186.0,,"MNM GROUP, LLC","LOS ANGELES, CA",423210,,04/30/2,Paid in Full,62.0
AIMS LLC,,16091 BEACH BLVD,SARATOGA,142-082-35,"PACIFICLEWIS PROPERTIES,",01/18/2017,4600000.0,2,626777.0,635003.86,"AIMS LLC; AIMS, LLC","SPRINGFIELD, MO; MISHAWAKA, IN",511120; 621399,,05/01/2; 04/29/2,Paid in Full,37.0
LIGHTHOUSE CAFE LLC,,1600 W BALBOA BLVD,DANA POINT,988-007-96,",",,,2,623049.0,628662.76,"LIGHTHOUSE CAFE, LLC; LIGHTHOUSE CAFE LLC","Newport Beach, CA",722511,,04/28/2; 02/07/2,Paid in Full,57.0
LAZER LLC,,7782 RONALD DR,INDIO,165-302-05,"BOWDEN, JOHN M; BOWDEN, MARY SUE",04/19/2011,0.0,1,600000.0,,LAZER LLC,"SADDLE RIVER, NJ",424330,,04/15/2,Paid in Full,18.0
INCUPLACE LLC,,88 FAIR DR,ALHAMBRA,988-007-23,",",,,1,588619.0,593392.8,INCUPLACE LLC,"MARINA DEL REY, CA; Marina del Rey, CA",541613; 722310,,02/20/2; 04/28/2,Paid in Full,25.0
HB LLC,,9472 RAMBLER DR,EDMONDS,149-053-07,"COVINGTON, JANET; CROSLEY, COURTNEY",06/04/2019,1127000.0,3,586827.0,591914.82,"HB LLC; H & B LLC; HB, LLC","WICHITA, KS; Las Vegas, NV; PROVIDENCE, RI; CALMAR, IA; Long Beach, CA; Wichita, KS; LONG BEACH, CA; LAS VEGAS, NV; Denver, CO",442210; 531120; 423990; 541310; 444190; 721110,,01/30/2; 03/26/2; 04/09/2; 05/01/2; 02/11/2; 03/03/2; 04/15/2,Paid in Full,104.0
NEWPORT LLC,,4340 VON KARMAN AVE STE 205,DIAMOND BAR,934-057-17,",",,,2,556590.0,560818.23,NEWPORT LLC; NEW PORT LLC,"SAN FRANCISCO, CA; ROLLING MEADOWS, IL",611710; 523999,,04/10/2; 04/13/2,Paid in Full,61.0
PACE RECOVERY CENTER LLC,,528 16TH ST,COSTA MESA,023-148-33,"BAROT, DIPTI S",07/27/2017,1400000.0,1,510549.0,515612.53,PACE RECOVERY CENTER LLC,"NEWPORT BEACH, CA",624190,,05/01/2,Paid in Full,49.0
RAV LLC,,1 MAIN ST,SAN FRANCISCO,988-150-06,",",,,2,471200.0,476250.44,R-A-V LLC; RAV LLC,"MYRTLE BEACH, SC; Lincoln, NE; LINCOLN, NE; Myrtle Beach, SC",532111; 485999; 722511,,03/18/2; 04/08/2; 04/14/2; 01/21/2,Paid in Full,94.0
FIRST HIGHLAND LLC,,8171 COBBLESTONE LN # 4,WESTMINSTER,938-270-26,"NGUYEN, JOHN",10/17/2012,0.0,2,411611.48,414351.81,"FIRST HIGHLAND LLC; FIRST HIGHLAND, LLC","ORLANDO, FL; Windermere, FL",812199; 621399,,01/30/2; 04/29/2,Paid in Full,50.0
DBS-ENTERPRISES LLC,,2881 COAST CIR APT A,LAS VEGAS,936-770-37,"ANDERSEN, DONNA; VICTOR M ANDERSEN LIVING TRUST,",06/30/2022,1780000.0,1,408982.37,279508.82,DBS ENTERPRISES LLC,"SANTA CLARA, CA; Camden Wyoming, DE; CAMDEN WYOMING, DE; Chugiak, AK; Miller, SD",722511; 236115; 811121; 236220,,04/28/2; 05/05/2; 02/10/2; 04/08/2; 04/15/2; 03/20/2,Paid in Full,37.0
DRT LLC,,16862 CORAL CAY LN,NEWPORT BEACH,178-653-37,"DRI LLC, ; DRT LLC,",07/29/1997,0.0,2,393461.32,385748.15,"DRT LLC; DRT, LLC","BYRON CENTER, MI; ONTARIO, OR; Atlanta, GA",541990; 999990; 423910,,04/28/2; 06/04/2,Charged Off; Paid in Full,28.0
2450 COLORADO BLVD LLC,,16255 PACIFIC CIR APT 306,SANDY,936-770-15,"U S BANK NATIONAL ASSOCIATION,",02/21/2012,385000.0,1,376000.0,,2450 COLORADO BLVD LLC,"Chatsworth, CA",531110,,06/17/2; 03/12/2,Exemption 4,40.0
MY VILLAGE LLC,,12555 EUCLID ST APT 53,ANAHEIM,930-536-39,"AADESS, LATIFA",11/26/2002,0.0,1,370030.0,374357.3,MYVILLAGE LLC,"Nederland, CO",533110,,04/27/2,Paid in Full,37.0
THE LE FAMILY LLC,,16752 JEFFREY CIR,CORONA,107-662-06,"LE, THANG BA; NGUYEN, PHUONG DUNG HUYNH",06/28/2019,0.0,1,366700.0,371325.67,THE LE FAMILY LLC,"KILLEEN, TX; Killeen, TX",721110,,04/15/2; 02/12/2,Paid in Full,57.0
GALAXY MANAGEMENT LLC,,1100 QUAIL ST STE 212,NEWPORT COAST,938-941-60,"ORO REAL ESTATE GROUP USA LLC,",08/29/2014,210000.0,3,362503.42,219040.3,"GALAXY MANAGEMENT, LLC; GALAXY MANAGEMENT  LLC; GALAXY MANAGEMENT LLC","Webster, MA; Conyers, GA; Charlotte, NC; CHARLOTTE, NC; FRISCO, TX; AUBURN, MA",721110; 531390; 541310; 561110; 541611,,04/04/2; 01/22/2; 04/28/2; 03/10/2; 04/10/2; 02/05/2,Paid in Full; Exemption 4,38.0
SWUN MATH LLC,,19585 ELMRIDGE LN,CYPRESS,023-491-55,"STERUD, RON; AVERILL FAMILY TRUST,",09/02/2022,1412500.0,1,294773.0,296339.74,"SWUN MATH, LLC","CYPRESS, CA",611710,,04/30/2,Paid in Full,22.0
COMPASSIONATE CARE HOSPICE LLC,,17220 NEWHOPE ST STE 124,FOUNTAIN VALLEY,938-780-18,"VAN DEUSEN, ELISHA B; VAN DEUSEN, LESLIE A",09/04/2018,419000.0,1,279820.0,281636.91,COMPASSIONATE CARE HOSPICE LLC,"FOUNTAIN VALLEY, CA",623110,,05/01/2,Paid in Full,65.0
COMPASSIONATE CARE HOSPICE LLC,,17220 NEWHOPE ST STE 123,FOUNTAIN VALLEY,938-780-19,"VAN DEUSEN, ELISHA B; VAN DEUSEN, LESLIE A",09/04/2018,419000.0,1,279820.0,281636.91,COMPASSIONATE CARE HOSPICE LLC,"FOUNTAIN VALLEY, CA",623110,,05/01/2,Paid in Full,65.0
A & D LLC,,5821 VIEW CIR,FOUNTAIN VALLEY,146-312-13,"DO, ELIZABETH",05/18/2021,0.0,5,248163.97,250040.89,"A&D, LLC; A & D LLC; AD LLC; A & D, LLC; A&D LLC","PHOENIX, AZ; TONGANOXIE, KS; Phoenix, AZ; scarsdale, NY; Asheville, NC",448140; 448190; 447110; 311520,,02/23/2; 05/08/2; 04/09/2; 02/19/2; 05/01/2; 06/30/2,Paid in Full,36.0
RMI MANAGEMENT LLC,,17191 KAMPEN LN,NEWPORT BEACH,167-343-14,"RAINES, AMY C; KATHLEEN W RAINES REVOCABLE TRUST,",06/06/2017,620000.0,1,217702.0,220600.72,RMI MANAGEMENT LLC,"LONGVIEW, TX",722511,,04/06/2,Paid in Full,50.0
JJ HOLDINGS LLC,,20331 BLUFFSIDE CIR # A204,FRISCO,936-178-59,"CHOPRA, VIK; CHOPRA, MEERA",12/12/2019,0.0,3,190527.0,189062.62,"J&J HOLDINGS LLC; J&J HOLDINGS, LLC; JJ HOLDINGS LLC","SHAKOPEE, MN; LAFAYETTE, LA; Florence, MS; Shakopee, MN; FLORENCE, MS",541618; 722513; 238910; 484110,,05/08/2; 03/20/2; 04/04/2; 04/29/2,Paid in Full,36.0
GOLDEN HILLS PROPERTIES LLC,,3335 W COAST HWY,BEVERLY HILLS,988-023-26,",",,,2,175824.4,176986.18,"GOLDEN HILLS PROPERTIES LLC; GOLDEN HILLS PROPERTIES, LLC","Los Angeles, CA; LOS ANGELES, CA",531120,,01/28/2; 04/10/2,Paid in Full,12.0
TRK LLC,,7924 STARK DR,LOS ANGELES,142-083-09,"THE BAGSTAD GROUP THREE LP,",12/06/2016,5250000.0,1,175700.0,178313.84,"TRK, LLC","SALT LAKE CITY, UT",541512,,04/10/2,Paid in Full,9.0
PARS LLC,,200 HARBOR WOODS PL,TULSA,934-040-58,"KALANI, MOHAMMAD YASHAR; KALANI, KRISTIN NICOLE",06/14/2018,0.0,4,165595.0,166933.48,P.A.R. & S. LLC; PARS LLC; PAR & S LLC; PARS LLC.,"Pitman, NJ; FARMINGTON HILLS, MI; Chula Vista, CA; Farmington Hills, MI",722511; 722515; 811111,,03/12/2; 05/01/2; 02/04/2; 02/19/2,Paid in Full,26.0
INFINITY PROPERTIES LLC,,775 W 17TH ST STE E,NEWPORT BEACH,939-831-22,"THE RICHARD AND KIM DETKEN FAMILY TRUST, ; DETKEN, RICHARD W",09/18/2025,901500.0,1,162785.0,164536.3,INFINITY PROPERTIES LLC,"MOUNDS, OK; Mounds, OK",236117; 236210,,04/08/2; 01/19/2,Paid in Full,14.0
EVERSTONE CAPITAL LLC,,280 CAGNEY LN APT 116,NEWPORT COAST,930-775-74,"PREECE, THOMAS R; THOMAS PREECE LIVING TRUST,",03/07/2025,900000.0,1,146499.0,,EVERSTONE CAPITAL LLC,"NEW YORK, NY",812990,,05/19/2,Paid in Full,5.0
H B ENTERPRISE PROPERTY LLC,,18372 ENTERPRISE LN,WESTMINSTER,159-212-04,"MUESEGAES, FREDERICK G; FREDERICK G MUESEGAES RLT,",,0.0,1,145832.5,147849.85,"H.B. ENTERPRISE PROPERTY, LLC","Garden Grove, CA",424990,,02/11/2,Paid in Full,7.0
AGHA LLC,,7852 RONALD DR,NEWPORT BEACH,165-302-12,"KIUMP OZ FUND LLC,",06/30/2021,0.0,1,117457.0,118388.44,AGHA LLC,"Blauvelt, NY; BLAUVELT, NY",424120,,01/30/2; 05/01/2,Paid in Full,6.0
NEWPORT BEACH GOLF COURSE LLC,,119-200 IRVINE BLVD,NEWPORT BEACH,988-012-81,",",,,1,115400.0,116402.24,NEWPORT BEACH GOLF COURSE LLC,"NEWPORT BEACH, CA",713910,,04/15/2,Paid in Full,19.0
DEVPRI HOSPITALITY LLC,,16561 PACIFIC COAST HWY,SUNSET BEACH,178-516-13,"SANATHRA, RAJNI",,0.0,1,115000.0,116052.33,DEVPRI HOSPITALITY LLC,"SUNSET BEACH, CA; Sunset Beach, CA",721110,,03/13/2; 04/09/2,Paid in Full,28.0
DEVPRI HOSPITALITY LLC,,16220 PACIFIC COAST HWY,SUNSET BEACH,178-581-12,"JAY RAMDEV JI CORPORATION,",04/21/2016,1700000.0,1,115000.0,116052.33,DEVPRI HOSPITALITY LLC,"SUNSET BEACH, CA; Sunset Beach, CA",721110,,03/13/2; 04/09/2,Paid in Full,28.0
DDA LLC,,17150 SAN MATEO ST # 9,ZEPHYR COVE,930-294-09,"BENSON, DEBRA S; KIEFLER, DAWN L",04/10/2009,0.0,1,107700.0,108600.5,DDA LLC,"Louisville, KY; Fairlawn, NJ; LOUISVILLE, KY",488210; 722410; 541618,,04/13/2; 05/02/2; 01/25/2,Paid in Full,26.0
HSIAO GROUP LLC,,1687 TOPANGA,WALNUT,930-617-42,"HSIAO, DAVID YINGLUNG; HSIAO, MARSHA LICHEN",,0.0,1,104100.0,35188.77,"HSIAO-GROUP, LLC","BUFFALO GROVE, IL",541614,,04/15/2,Paid in Full,1.0
SAMPSON VENTURES LLC,,17682 SAMPSON LN,HESPERIA,165-331-17,"DEL S FOOD BARSTOW INC,",01/29/2025,0.0,2,97843.0,98575.83,"SAMPSON VENTURES LLC; SAMPSON VENTURES, LLC","Mesa, AZ; PANAMA CITY, FL; Panama City, FL",561499; 811192; 531390; 531210,,05/07/2; 04/29/2; 02/26/2; 05/01/2,Paid in Full,19.0
SUMMIT PROPERTIES LLC,,2501 FLORIDA ST,ORANGE,025-111-58,"MADANI, REZA; MADANI REVOCABLE LIVING TRUST,",03/07/2025,3100000.0,2,81480.0,82021.26,"SUMMIT PROPERTIES LLC; SUMMIT PROPERTIES, LLC","Hot Springs National Park, AR; GUNTERSVILLE, AL; Guntersville, AL",236220; 531210,,04/08/2; 02/02/2; 04/16/2,Paid in Full,8.0
MRB ENTERPRISES LLC,,826 BRICKYARD LN # 8,COSTA MESA,937-782-53,",",,,1,81470.0,78817.59,"MRB ENTERPRISES, LLC","Andover, MA; ONAWA, IA",519130; 238350,,04/08/2; 05/05/2,Paid in Full,9.0
BARAKAH LLC," OBEID, ABDUL RAHMAN",8161 SAN ANGELO DR,WESTMINSTER,107-773-08,"OBEID, ABDUL RAHMAN; OBEID, HELEN JOZANE",06/08/2007,0.0,2,76053.0,76763.19,"BARAKAH, LLC; BARAKAH LLC","Chanhassen, MN; CHANHASSEN, MN; FAIRFIELD, CT",722513; 445310; 722511,,02/04/2; 06/29/2; 04/28/2,Paid in Full,19.0
DRIVE LLC,,3080 AIRWAY AVE STE 104,NEWPORT BEACH,938-980-55,",",,,1,70357.0,70852.89,DRIVE LLC,"NIXA, MO; Hubbard, OH; HUBBARD, OH",561990; 511120; 484121,,05/01/2; 04/06/2; 03/12/2,Paid in Full,11.0
LA COLONIA LLC,,9436 LA COLONIA AVE,WESTMINSTER,167-163-19,"TRUONG, THI NGOC PHUONG; PHAM, TUNG THANH",03/02/2020,0.0,1,59202.0,59671.5,LA COLONIA LLC,"SUITLAND, MD; Suitland, MD",445110,,06/12/2; 02/01/2,Paid in Full,18.0
WFS PROPERTIES LLC,,212 15TH ST,BREA,024-031-15,"MACFARLANE, JERRY; BROWN, TODD",07/16/2024,3850000.0,1,54417.0,54911.97,WFS PROPERTIES LLC,"BREA, CA",531120,,05/01/2,Paid in Full,4.0
HAN LLC,,6262 CHINOOK AVE,WESTMINSTER,195-283-09,"THE PAUL SULAHIAN REVOCABLE LIVING TRUST, ; SINANIAN, LARA",03/17/2026,900000.0,1,53669.0,53903.02,HAN LLC,"LEAVENWORTH, KS; FREEPORT, ME; Leavenworth, KS",722513; 722511,,07/10/2; 05/01/2; 02/03/2,Paid in Full,14.0
HAN LLC,,6272 CHINOOK AVE,WESTMINSTER,195-283-10,"THE PAUL SULAHIAN REVOCABLE LIVING TRUST, ; SINANIAN, LARA",03/17/2026,900000.0,1,53669.0,53903.02,HAN LLC,"LEAVENWORTH, KS; FREEPORT, ME; Leavenworth, KS",722511; 722513,,02/03/2; 07/10/2; 05/01/2,Paid in Full,14.0
SUBURBAN PROPERTIES LLC,,9679 ELLIS AVE,FOUNTAIN VALLEY,157-054-58,"VILAGUT, GEORGE",06/15/2015,0.0,2,50547.0,50799.47,"SUBURBAN PROPERTIES LLC; SUBURBAN PROPERTIES, LLC","Batavia, IL; SUGAR GROVE, IL",488190,,04/10/2; 02/03/2,Paid in Full,4.0
INSIGHT PROPERTIES LLC,,3151 AIRWAY AVE STE M3,COSTA MESA,938-940-68,",",09/28/2005,,1,49879.0,50162.23,INSIGHT PROPERTIES LLC,"SAINT CHARLES, MO; Saint Charles, MO; Happy Valley, OR",531210; 531390; 236117,,04/28/2; 04/07/2; 03/03/2,Paid in Full,5.0
KC GROUP LLC,,15301 PACIFIC ST,FOUNTAIN VALLEY,142-052-10,"GARCIA, ANGEL; GARCIA FAMILY TRUST,",11/16/2022,820000.0,3,49667.0,50154.15,K.C. GROUP LLC; KC GROUP LLC; K & C GROUP LLC.,"Omaha, NE; Grayling, MI; Hammonton, NJ",713910; 541410; 454110,,04/02/2; 04/27/2; 04/15/2,Paid in Full,14.0
JBH LLC,,711 W 17TH ST # 19,NORTH TUSTIN,939-830-19,"B L FUND I PARTNERS A GENERAL PARTNERSHI,",03/16/2000,0.0,1,48674.0,49195.32,JBH LLC,"PHOENIX, AZ; DALTON, PA",722511; 722513,,04/29/2; 04/27/2,Paid in Full,13.0
J3 HOLDINGS LLC,,10371 GARDEN GROVE BLVD APT 32,TUSTIN,930-538-25,"KRULL VENTURE PARTNERS LLC,",06/07/2013,0.0,1,47600.0,47943.78,J3 HOLDINGS LLC,"FARGO, ND",531311,,04/14/2,Paid in Full,9.0
J3 HOLDINGS LLC,,12555 EUCLID ST APT 51,TUSTIN,930-536-37,"NGUYEN, TWEETY",07/31/2012,115000.0,1,47600.0,47943.78,J3 HOLDINGS LLC,"FARGO, ND",531311,,04/14/2,Paid in Full,9.0
J3 HOLDINGS LLC,,12422 WOODBRIDGE DR,TUSTIN,935-722-32,"KRULL VENTURE PARTNERS LLC,",01/11/2013,0.0,1,47600.0,47943.78,J3 HOLDINGS LLC,"FARGO, ND",531311,,04/14/2,Paid in Full,9.0
ARABELLA LLC,,17162 BLUEWATER LN # 165,YORBA LINDA,933-831-65,"SHINDY, WALEED; SHINDY, TAMMY",11/17/1997,0.0,3,46924.5,47397.86,"ARABELLA, LLC; ARABELLA LLC; ARABELLA  LLC","WINTER PARK, FL; Skaneateles, NY; PIQUA, OH; Glen Arbor, MI; Winter Park, FL",448120; 453220; 812112,,05/01/2; 01/19/2; 02/19/2; 04/27/2; 02/17/2; 04/10/2,Paid in Full,11.0
RANCHO LA SIESTA LLC,,18194 BUSHARD ST,FOUNTAIN VALLEY,157-231-04,"RANCHO LA SIESTA LLC, ; RANCHO LA SIESTA,",12/29/2010,0.0,1,45000.0,45366.25,RANCHO LA SIESTA LLC,"Fountain Valley, CA",531190,,08/05/2,Paid in Full,7.0
ARES INVESTMENT GROUP LLC,,7777 CENTER AVE,COSTA MESA,142-342-20,"ONE PACIFIC PLAZA OWNER LLC,",09/18/2023,42000000.0,2,44832.0,45239.93,"ARES INVESTMENT GROUP LLC; ARES INVESTMENT GROUP, LLC","Reno, NV",531390,,07/20/2; 04/06/2,Paid in Full,2.0
ARES INVESTMENT GROUP LLC,,7711 CENTER AVE,COSTA MESA,142-342-16,"ONE PACIFIC PLAZA OWNER LLC,",09/18/2023,42000000.0,2,44832.0,45239.93,"ARES INVESTMENT GROUP, LLC; ARES INVESTMENT GROUP LLC","Reno, NV",531390,,04/06/2; 07/20/2,Paid in Full,2.0
ARES INVESTMENT GROUP LLC,,7755 CENTER AVE,COSTA MESA,142-342-17,"ONE PACIFIC PLAZA OWNER LLC,",09/18/2023,42000000.0,2,44832.0,45239.93,"ARES INVESTMENT GROUP LLC; ARES INVESTMENT GROUP, LLC","Reno, NV",531390,,07/20/2; 04/06/2,Paid in Full,2.0
ARES INVESTMENT GROUP LLC,,7767 CENTER AVE,COSTA MESA,142-342-15,"ONE PACIFIC PLAZA OWNER LLC,",09/18/2023,42000000.0,2,44832.0,45239.93,"ARES INVESTMENT GROUP, LLC; ARES INVESTMENT GROUP LLC","Reno, NV",531390,,07/20/2; 04/06/2,Paid in Full,2.0
SDM HOLDINGS LLC,,16541 LOIRE CIR,NEWPORT COAST,142-171-04,"BN NEW WORLD CORPORATION, ; BN NEW WORLD CORPORATION INC,",04/09/2025,1300000.0,1,44528.67,41410.76,SDM HOLDINGS LLC,"CASTLE PINES, CO; Castle Pines, CO",541219,,03/20/2; 04/14/2,Paid in Full,2.0
LFA GROUP LLC,,12762 MAIN ST,GARDEN GROVE,988-072-62,",",,,1,43290.0,,"LFA GROUP, LLC","GARDEN GROVE, CA",722511,,04/30/2,Paid in Full,24.0
CROWN WEALTH PROPERTIES LLC,,2900 BRISTOL ST # 1,COSTA MESA,939-570-01,"STARPOINT COMMERCIAL PROPERTIES LLC,",09/14/2011,0.0,1,43190.0,43676.33,CROWN WEALTH PROPERTIES LLC,"COSTA MESA, CA",531210,,05/01/2,Paid in Full,3.0
MERRIMAC PARTNERS LLC,,20962 CABRILLO LN # 61,YORBA LINDA,934-472-42,"HART, RORY JD",01/30/2019,1150000.0,1,41665.0,42106.21,MERRIMAC PARTNERS LLC,"YORBA LINDA, CA",531120,,05/01/2,Paid in Full,2.0
CTA ENTERPRISES LLC,,5231 CHADWICK DR,GARDEN GROVE,146-621-12,"NGUYEN, QUOC; NGUYEN, JENNIFER",08/15/2001,0.0,1,41664.0,42109.18,CTA ENTERPRISES LLC,"GARDEN GROVE, CA; Garden Grove, CA",523930; 531210,,03/25/2; 04/30/2,Paid in Full,2.0
CTA ENTERPRISES LLC,,16221 WATSON CIR,GARDEN GROVE,107-911-25,"NGUYEN, QUOC A",11/19/2019,0.0,1,41664.0,42109.18,CTA ENTERPRISES LLC,"GARDEN GROVE, CA; Garden Grove, CA",523930; 531210,,03/25/2; 04/30/2,Paid in Full,2.0
LEE BROTHERS LLC,,7042 KEARNY DR,FOUNTAIN VALLEY,111-130-36,",",09/25/2003,,1,41600.0,41719.02,LEE BROTHERS LLC,"Hanston, KS",111110; 111199,,04/23/2; 01/21/2,Paid in Full,4.0
DRT INVESTMENTS LLC,,16862 CORAL CAY LN,NEWPORT BEACH,988-999-13,",",,,2,41304.0,41616.58,"DRT INVESTMENTS, LLC; DRT INVESTMENTS LLC","PHOENIX, AZ; Phoenix, AZ",722513; 999990,,05/01/2; 01/31/2,Paid in Full,5.0
DRT INVESTMENTS LLC,,19900 BEACH BLVD,NEWPORT BEACH,153-091-27,"TAYLOR, DANIEL R; TAYLOR FAMILY TRUST,",10/28/2003,0.0,2,41304.0,41616.58,"DRT INVESTMENTS, LLC; DRT INVESTMENTS LLC","PHOENIX, AZ; Phoenix, AZ",722513; 999990,,05/01/2; 01/31/2,Paid in Full,5.0
GARDEN RANCH LLC,,12888 WESTERN AVE,CONCORD,931-432-21,"FULTS, CHRISTOPHER L; FULTS, JEANNE",06/12/2019,365000.0,1,37424.0,37735.52,GARDEN RANCH LLC,"Colorado Springs, CO; COLORADO SPRINGS, CO",623312,,05/01/2; 02/24/2,Paid in Full,6.0
E & N ENTERPRISES LLC,,345 AVOCADO ST UNIT A3,TUSTIN,938-650-26,"RBJJ PROPERTIES LLC,",09/30/2003,139500.0,1,37400.0,37608.82,"E & N ENTERPRISES, LLC","ORANGE CITY, IA",541320,,04/09/2,Paid in Full,23.0
JS PROPERTIES LLC,,121 MAIN ST,SAN DIEGO,024-153-17,"SHAW, JACOB C; SHAW, CLAUDIA M",03/22/2024,0.0,2,37315.0,37704.69,J & S  PROPERTIES LLC; JS PROPERTIES LLC,"Dix Hills, NY; Chouteau, OK",332710; 541990,,01/17/2; 06/23/2,Paid in Full,3.0
PHAM FAMILY LLC,,7192 MAIN ST # 10,DOWNEY,939-100-16,"PHAMILY LLC,",04/05/2007,0.0,1,36424.0,36914.98,"PHAM FAMILY, LLC","TUCKER, GA",561499,,05/01/2,Paid in Full,6.0
LEGACY GLOBAL LLC,,7303 CLAY AVE,TUSTIN,935-760-45,"LEE, ANTHONY MICHAEL",01/12/2004,0.0,1,36329.0,36481.28,LEGACY GLOBAL LLC.,"Davidson, NC",423220,,03/24/2,Paid in Full,4.0
TR ENTERPRISE LLC,,10200 LA HACIENDA AVE # 1,FOUNTAIN VALLEY,930-294-01,"NGUYEN, TIMOTHY; CHUNG, ROMMONY",10/08/2002,0.0,1,35600.0,35994.04,"T & R ENTERPRISE, LLC","BOONE, NC",561499,,04/28/2,Paid in Full,4.0
TR ENTERPRISE LLC,,17090 SAN BRUNO ST # 13,FOUNTAIN VALLEY,930-295-35,"NGUYEN, TIMOTHY; CHUNG, ROMMONY",02/04/2009,0.0,1,35600.0,35994.04,"T & R ENTERPRISE, LLC","BOONE, NC",561499,,04/28/2,Paid in Full,4.0
PARKSVILLE INVESTMENT LLC,,7450 EDINGER AVE,LOS ANGELES,142-511-17,",",12/27/2007,,1,29165.0,29650.02,PARKSVILLE INVESTMENT LLC,"LOS ANGELES, CA",531210,,05/06/2,Paid in Full,1.0
ERA VENTURES LLC,,8700 WARNER AVE,FOUNTAIN VALLEY,167-371-01,"WARNER FV LLC,",08/28/2018,4000000.0,1,27900.0,28094.85,ERA VENTURES LLC,"COTO LAUREL, PR; Cotto Laurel, PR",541611; 551114,,06/24/2; 01/29/2,Paid in Full,4.0
JEK INVESTMENTS LLC,,1325 DELAWARE ST,COSTA MESA,025-091-01,"KOLL, EDWIN LEE; KOLL, JOANN D",,0.0,1,26907.0,27221.78,JEK INVESTMENTS LLC,"Phoenix, AZ",525920,,01/30/2,Paid in Full,2.0
BONGOS SPORTFISHING LLC,,829 HARBOR ISLAND DR,ROSSMOOR,988-015-77,",",,,1,25250.0,25670.66,BONGOS SPORTFISHING LLC,"NEWPORT BEACH, CA",488390,,05/01/2,Paid in Full,4.0
AA INVESTMENT LLC,,7942 SPEER DR,FOUNTAIN VALLEY,165-311-16,"SPEER PROPERTIES LLC,",08/11/2022,2100000.0,1,24442.0,24573.2,A&A INVESTMENT LLC,"Gilbert, AZ; GILBERT, AZ",611710; 611691,,01/21/2; 04/28/2,Paid in Full,20.0
SMD INVESTMENTS LLC,,1654 IOWA ST UNIT C,GARDEN GROVE,932-071-07,"INSTANT CASH OFFER PROPERTIES LLC,",09/13/2022,510000.0,1,21700.0,21909.16,SMD INVESTMENTS LLC,"Cottondale, AL",447110,,04/15/2,Paid in Full,5.0
PTCM LLC,,1940 MAPLE AVE APT 101,VILLA PARK,935-500-60,"KAUL, CHRISTOPHER; TRUONG, BAO",07/09/2013,0.0,1,20832.0,20975.47,"PTCM, LLC","EAGAN, MN",531390,,08/07/2,Paid in Full,1.0
PLH HOLDINGS LLC,,14335 SUFFOLK ST,WESTMINSTER,195-421-12,"HARRISON, PATTI L; HARRISON, PATTI L",,0.0,1,20800.0,20975.52,PLH HOLDINGS L. L. C.,"CHASKA, MN",531210,,04/15/2,Paid in Full,1.0
AMG GROUP LLC,,807 MUIRFIELD DR,BRADBURY,931-790-44,"JALIU, LOAN CRISTEL; JALIU, GABRIELA",06/27/2018,900000.0,1,20800.0,21031.93,"AMG GROUP, LLC","Delaware, OH",523930,,05/02/2,Paid in Full,1.0
CMR INVESTMENTS LLC,,280 CAGNEY LN APT 115,PARK CITY,930-775-73,"PICASSO PROPERTIES LLC,",03/13/2026,810000.0,1,20029.0,20041.07,"CMR INVESTMENTS, LLC","CUSTER, SD",531210,,04/10/2,Paid in Full,2.0
S & S 1 LLC,,9514 BICKLEY DR # 8,COSTA MESA,931-930-16,"BABLOT, STEVEN R; BABLOT, SUSAN V",01/17/1996,0.0,1,20000.0,20187.83,"SS1, LLC","AVON LAKE, OH",511210,,08/03/2,Paid in Full,1.0
AGG PROPERTIES LLC,,12610 WESTMINSTER AVE # 2A,GARDEN GROVE,938-691-06,",",,,1,19200.0,19398.93,AGG PROPERTIES LLC,"SAINT PETERSBURG, FL",531210,,05/16/2,Paid in Full,1.0
GFM INVESTMENTS LLC,,1119 FLORIDA ST,GRAND PRAIRIE,025-162-18,"GAIGE, ROBERT ANTHONY; BUTLER, JENNIFER R",06/11/2019,1465000.0,1,19128.0,19369.07,"GFM INVESTMENTS, LLC","MEMPHIS, TN",531120,,05/15/2,Paid in Full,6.0
POS LLC,,227 2ND ST,EL DORADO,024-165-23,"LIBRODO, GERARD F",03/29/2007,0.0,1,18200.0,18332.96,"POS, LLC","EDMOND, OK",621320,,04/04/2,Paid in Full,2.0
ATN LLC,,18586 GARNET LN,RIVERSIDE,111-391-59,"NGUYEN, AMADEUS; NGUYEN, TRIEU",02/13/2020,0.0,1,17600.0,17694.03,"ATN, LLC","NORFOLK, NE",453998,,06/23/2,Paid in Full,2.0
FRR LLC,,17711 CRABB LN,SANTA FE SPRINGS,165-291-14,"LENZKES JR, RUDOLF",,0.0,2,17200.0,17334.98,"FRR LLC; FRR, LLC","Burlington, IA",238220,,02/17/2; 06/29/2,Paid in Full,4.0
FRR LLC,,17712 CRABB LN,SANTA FE SPRINGS,165-291-15,"LENZKES JR, RUDOLF",,0.0,2,17200.0,17334.98,"FRR LLC; FRR, LLC","Burlington, IA",238220,,06/29/2; 02/17/2,Paid in Full,4.0
RCP ENTERPRISES LLC,,1688 TOPANGA,NEWPORT BEACH,930-617-47,",",,,2,16552.0,16664.0,"RCP ENTERPRISES LLC; RCP ENTERPRISES, LLC","Johnston, RI",236220,,04/28/2; 02/23/2,Paid in Full,5.0
GOODWILL LLC,,12838 PALM ST UNIT 2,MT PROSPECT,930-174-57,"CHANG, MICHAEL T; CHANG, TSAI FEN L",06/28/2019,475000.0,1,16400.0,16502.06,GOODWILL LLC,"BROOKFIELD, CT; Brookfield, CT",445120,,04/28/2; 01/26/2,Paid in Full,4.0
DLC ENTERPRISES LLC,,17392 QUEENS LN,LONG BEACH,165-233-04,"ELKHOURY, GEORGE F; ELKHOURY, REBECCA L",12/02/2016,1125000.0,1,16042.0,16147.16,DLC ENTERPRISES LLC,"Lincoln, RI",423110,,01/20/2,Paid in Full,1.0
BAM HOMES LLC,,21851 NEWLAND ST SPC 270,BREA,890-892-70,",",,,2,14017.0,14127.3,"BAM HOMES, LLC; BAM HOMES LLC","LAKE OSWEGO, OR; Lake Oswego, OR",236118,,08/08/2; 02/05/2,Paid in Full,2.0
SDR LLC,,15421 HANOVER LN,ANAHEIM,145-151-16,"CHANG, ROBERT TE CHIN; CHANG, SANDRA MEI LING TU",,0.0,1,13200.0,13312.83,SDR LLC,"GASTON, SC",484220,,06/11/2,Paid in Full,4.0
SDR LLC,,16691 BARTLETT LN,ANAHEIM,142-412-08,"CHANG, ROBERT TE CHIN; CHANG, SANDRA MEI LING TU",,0.0,1,13200.0,13312.83,SDR LLC,"GASTON, SC",484220,,06/11/2,Paid in Full,4.0
SDR LLC,,5902 CHINOOK DR,ANAHEIM,195-223-06,"RODRIGUEZ, OSCAR GABRIEL; RODRIGUEZ, LEAH DIANE",03/12/2020,770000.0,1,13200.0,13312.83,SDR LLC,"GASTON, SC",484220,,06/11/2,Paid in Full,4.0
SDR LLC,,6561 SORENTO CIR,ROWLAND HEIGHTS,145-181-09,"CHANG, ROBERT T; CHANG, SANDRA T",,0.0,1,13200.0,13312.83,SDR LLC,"GASTON, SC",484220,,06/11/2,Paid in Full,4.0
ON THE EDGE DESIGNS LLC,,419 29TH ST,KAILUA KONA,932-840-98,"ST JAMES DIVERSIFIED 29TH ST LIDO MGR LL,",08/31/2022,4579000.0,1,12900.0,13059.75,ON THE EDGE DESIGNS LLC,"KAILUA KONA, HI",531110,,04/27/2,Paid in Full,1.0
MJB RENTALS LLC,,22 SURFSIDE AVE # B,DOWNEY,178-491-14,"BUTLER, MELINDA A; MELINDA A BUTLER IRREVOCABLE TRUST,",,0.0,1,12607.29,,"MJB RENTALS, LLC.","Beaverton, OR",532412,,04/27/2,Paid in Full,1.0
POINTFAR AUTOMATION LLC,,16655 PACIFIC COAST HWY,NORTHRIDGE,178-523-09,"VISION DEVELOPMENT LLC,",03/10/2026,1400000.0,1,11365.0,11431.95,POINTFAR AUTOMATION LLC,"Santa Clarita, CA; NEW HALL, CA",541330; 541618,,04/30/2; 05/13/2,Paid in Full,4.0
SEA AIRE APARTMENTS LLC,,733 UTICA AVE,LOS ANGELES,025-191-31,",",01/22/2003,,1,9950.0,10060.28,SEA AIRE APARTMENTS LLC,"LOS ANGELES, CA",531390,,06/01/2,Paid in Full,1.0
SEA AIRE APARTMENTS LLC,,729 UTICA AVE,LOS ANGELES,025-191-28,", ASSOCIATES NINE",02/18/1998,1950000.0,1,9950.0,10060.28,SEA AIRE APARTMENTS LLC,"LOS ANGELES, CA",531390,,06/01/2,Paid in Full,1.0
SEA AIRE APARTMENTS LLC,,725 UTICA AVE,LOS ANGELES,025-191-29,"WEB SERVICE CO INC,",01/22/2003,0.0,1,9950.0,10060.28,SEA AIRE APARTMENTS LLC,"LOS ANGELES, CA",531390,,06/01/2,Paid in Full,1.0
DAYAL LLC,,8491 ATLANTA AVE # 201,ROSEMEAD,151-105-29,"MULTANI ENTERPRISES INC,",03/26/2019,1500000.0,1,9750.0,9804.23,DAYAL LLC,"CHECOTAH, OK",721110,,04/27/2,Paid in Full,6.0
ALCHEMY FACTORY LLC,,2900 BRISTOL ST # 39,COSTA MESA,939-570-79,"OP PROPERTIES I LLC,",03/04/2016,620000.0,1,9600.0,9675.48,ALCHEMY FACTORY LLC,"Costa Mesa, CA",541613,,05/01/2,Paid in Full,2.0
GOSPA LLC,,12610 WESTMINSTER AVE # 2C,TUSTIN,938-691-08,"TWOMEY HOLDINGS LLC,",06/27/2016,583000.0,2,9257.5,9333.69,"GO SPA, LLC; GO SPA LLC","CHICAGO, IL; Chicago, IL",812199,,04/15/2; 01/20/2,Paid in Full,2.0
COVE CAPITAL LLC,,2230 PACIFIC AVE APT A,NEWPORT COAST,935-840-24,"FIOCK, RICHARD E; RICHARD FLOCK 2023 CHARITABLE REMAINDER,",06/29/2023,3400000.0,1,8750.0,8844.93,"COVE CAPITAL, LLC","Boca Raton, FL",236115,,06/12/2,Paid in Full,2.0
COVE CAPITAL LLC,,2230 PACIFIC AVE APT B,NEWPORT COAST,935-840-25,"FLOCK, RICHARD E; THE RICHARD FLOCK TRUST,",,0.0,1,8750.0,8844.93,"COVE CAPITAL, LLC","Boca Raton, FL",236115,,06/12/2,Paid in Full,2.0
TB THE TWINS LLC,,7427 LAMPSON AVE,ORANGE,936-751-58,"PHAM, BAY VAN; TON, TRANG",01/26/2017,0.0,1,8750.0,8861.71,"TB THE TWINS, LLC","ORANGE, CA",999990,,05/01/2,Paid in Full,2.0
COVE CAPITAL LLC,,2230 PACIFIC AVE APT C,NEWPORT COAST,935-840-26,"FLOCK, RICHARD E; THE RICHARD FLOCK TRUST,",,0.0,1,8750.0,8844.93,"COVE CAPITAL, LLC","Boca Raton, FL",236115,,06/12/2,Paid in Full,2.0
TB THE TWINS LLC,,7425 LAMPSON AVE,ORANGE,936-751-57,"PHAM, BAY VAN; TON, TRANG",01/26/2017,0.0,1,8750.0,8861.71,"TB THE TWINS, LLC","ORANGE, CA",999990,,05/01/2,Paid in Full,2.0
COVE CAPITAL LLC,,2230 PACIFIC AVE,NEWPORT COAST,935-840-28,"FIOCK, RICHARD E; RICHARD FIOCK TRUST,",,0.0,1,8750.0,8844.93,"COVE CAPITAL, LLC","Boca Raton, FL",236115,,06/12/2,Paid in Full,2.0
COVE CAPITAL LLC,,2230 PACIFIC AVE APT D,NEWPORT COAST,935-840-27,"FLOCK, RICHARD E; THE RICHARD FLOCK TRUST,",,0.0,1,8750.0,8844.93,"COVE CAPITAL, LLC","Boca Raton, FL",236115,,06/12/2,Paid in Full,2.0
S & N COMPANY LLC,,115 8TH ST,WESTMINSTER,024-123-07,"S & N COMPANY,",,0.0,1,8500.0,8566.82,"S N COMPANY, LLC","FLORENCE, SC",721110,,04/12/2,Paid in Full,4.0
S & N COMPANY LLC,,6422 DUNN DR,WESTMINSTER,145-271-05,"S & N COMPANY,",01/21/2016,0.0,1,8500.0,8566.82,"S N COMPANY, LLC","FLORENCE, SC",721110,,04/12/2,Paid in Full,4.0
S & N COMPANY LLC,,15942 PLYMOUTH LN,WESTMINSTER,145-095-07,"S & N COMPANY,",01/20/2016,0.0,1,8500.0,8566.82,"S N COMPANY, LLC","FLORENCE, SC",721110,,04/12/2,Paid in Full,4.0
S & N COMPANY LLC,,5351 OCEANUS DR,WESTMINSTER,145-014-66,"S&N COMPANY,",02/28/1996,0.0,1,8500.0,8566.82,"S N COMPANY, LLC","FLORENCE, SC",721110,,04/12/2,Paid in Full,4.0
OG RESIDENTIAL LLC,,8940 COMET CIR,LA MIRADA,107-626-20,"FARLEY, CATHLEEN MARIE; ESTATE OF MARIE ANNE ROBLEDO,",09/12/2025,925000.0,1,8462.0,8552.5,OG RESIDENTIAL LLC,"LA MIRADA, CA; La Mirada, CA",531390,,05/01/2; 02/02/2,Paid in Full,2.0
FOCUS REALTY LLC,,4340 VON KARMAN AVE STE 200,NEWPORT BEACH,934-057-12,"PRES 4340 VON KARMAN LP,",10/27/2017,1912000.0,1,7500.0,7574.79,FOCUS REALTY LLC,"DASSEL, MN",531210,,05/15/2,Paid in Full,2.0
FOCUS REALTY LLC,,4340 VON KARMAN AVE STE 211,NEWPORT BEACH,934-057-23,",",,,1,7500.0,7574.79,FOCUS REALTY LLC,"DASSEL, MN",531210,,05/15/2,Paid in Full,2.0
FOCUS REALTY LLC,,4340 VON KARMAN AVE STE 201,NEWPORT BEACH,934-057-13,",",,,1,7500.0,7574.79,FOCUS REALTY LLC,"DASSEL, MN",531210,,05/15/2,Paid in Full,2.0
PALACE PROPERTIES LLC,,755 W 17TH ST STE I,NEWPORT BEACH,939-831-09,"CM17 PROPERTIES LLC,",12/12/2014,375000.0,1,7200.0,7289.75,PALACE PROPERTIES LLC,"AURORA, IL",531110,,04/15/2,Paid in Full,2.0
KL INDUSTRIES LLC,,711 W 17TH ST # 18,COSTA MESA,939-830-18,"POBANZ, YUMIKO",10/11/1995,0.0,1,6700.0,6751.92,"K & L INDUSTRIES, LLC","ZWINGLE, IA",811111,,04/27/2,Paid in Full,1.0
POSEIDON ENTERPRISES LLC,,16891 CORAL CAY LN,CHINO,178-653-19,"THE FULCRUM GROUP,",02/17/2005,0.0,1,6070.0,6109.99,POSEIDON ENTERPRISES LLC,"Hillsborough, NJ",561790,,03/17/2,Paid in Full,1.0
BW & ASSOCIATES LLC,,1200 RUTLAND RD # 25,NEWPORT COAST,934-180-25,"GODBER, DAVID S; THE DAVID S GODBER TRUST,",09/02/2022,0.0,1,5800.0,5816.59,B&W ASSOCIATES LLC,"Aurora, CO",334220,,03/26/2,Paid in Full,1.0
NM 168 LLC,,10139 LIGHTBREEZE CIR,FOUNTAIN VALLEY,155-151-08,"HB HOMES MANAGEMENT LLC,",12/02/2022,2782500.0,1,5767.0,5804.36,NM 168 LLC,"Irvine, CA",531120,,03/12/2,Paid in Full,1.0
NM 168 LLC,,10149 LIGHTBREEZE CIR,FOUNTAIN VALLEY,155-151-07,"HB HOMES MANAGEMENT LLC,",12/02/2022,2782500.0,1,5767.0,5804.36,NM 168 LLC,"Irvine, CA",531120,,03/12/2,Paid in Full,1.0
PEACEFUL JOURNEY LLC,,16511 GOLDENWEST ST,SUNSET BEACH,146-271-46,"FORD PROPERTIES LP,",08/30/2018,0.0,1,5010.0,5055.02,PEACEFUL JOURNEY LLC,"HUNTINGTON BEACH, CA",531312,,05/08/2,Paid in Full,1.0
L & E HOLDINGS LLC, LAKESIDE DRIVE TRUST,10541 LAKESIDE DR S # 159,ANAHEIM,939-881-59,"WHOMSLEY, LUTHER E; WHOMSLEY, ELLEN C",12/19/1997,0.0,1,4700.0,4743.21,L & E HOLDINGS LLC,"GROVE, OK",812910,,04/07/2,Paid in Full,2.0
WILDCAT PROPERTIES LLC,,200 PACIFIC COAST HWY UNIT 345,FARMINGTON,939-506-09,"AURORA LOAN SERVICES LLC,",07/02/2010,600000.0,1,4000.0,4040.44,WILDCAT PROPERTIES LLC,"Greenfield Center, NY",532289,,06/03/2,Paid in Full,1.0
DNA INVESTMENTS LLC,,7 IMA LOA CT # 160,NEWPORT BEACH,932-581-60,"IMA LOA LLC,",06/27/2025,1575000.0,1,2452.0,2462.21,DNA INVESTMENTS LLC,"New Orleans, LA",561720,,04/17/2,Paid in Full,1.0
