llc_name,property_address,mailing_address,mail_city,APN,LastSeller,LastSaleDate,sale_price,ppp_borrower,ppp_city,ppp_state,ppp_amount,ppp_forgiven,ppp_date,ppp_status,BusinessType,NAICSCode,NonProfit,JobsReported,ppp_lender,orig_lender,lender_city,lender_state,days_property_to_ppp,is_out_of_state_ppp,is_out_of_state_mail
"LIDO HOUSE, LLC",3300 NEWPORT BLVD,RD OLSON DEVELOPMENT 520 NEWPORT CENTER DR STE 600,NEWPORT BEACH,988-069-68,",",,,LIDO HOUSE LLC,Newport Beach,CA,2000000.0,2017444.44,02/22/2021,Paid in Full,Limited  Liability Company(LLC),721110,,138.0,CommerceWest Bank,CommerceWest Bank,Irvine,CA,,False,False
"LIDO HOUSE, LLC",3300 NEWPORT BLVD,RD OLSON DEVELOPMENT 520 NEWPORT CENTER DR STE 600,NEWPORT BEACH,988-069-68,",",,,LIDO HOUSE LLC,NEWPORT BEACH,CA,1898800.0,1917524.28,04/14/2020,Paid in Full,Limited  Liability Company(LLC),721110,,138.0,CommerceWest Bank,CommerceWest Bank,Irvine,CA,,False,False
TRIUMVIRATE LLC,21951 BROOKHURST ST,9874 RARITAN AVE,FOUNTAIN VALLEY,151-234-09,"ROSELL, DAVID T; ROSELL, LORI L",11/19/2021,2800000.0,TRIUMVIRATE LLC,Anchorage,AK,852740.0,859751.42,02/17/2021,Paid in Full,Limited  Liability Company(LLC),721199,,33.0,"Community Banks of Colorado, A Division of",Bank of Jackson Hole Trust,Jackson,WY,-275,True,False
MNM GROUP LLC,18319 EUCLID ST,3251 E SLAUSON AVE,VERNON,932-882-04,"BSP E405 LLC,",12/30/2022,4700000.0,"MNM GROUP, LLC",LOS ANGELES,CA,647186.0,,04/30/2020,Paid in Full,Limited  Liability Company(LLC),423210,,62.0,"JPMorgan Chase Bank, National Association","JPMorgan Chase Bank, National Association",CHICAGO,IL,-974,False,True
TRIUMVIRATE LLC,21951 BROOKHURST ST,9874 RARITAN AVE,FOUNTAIN VALLEY,151-234-09,"ROSELL, DAVID T; ROSELL, LORI L",11/19/2021,2800000.0,"TRIUMVIRATE, LLC",ANCHORAGE,AK,619100.0,625841.31,04/09/2020,Paid in Full,Limited  Liability Company(LLC),713920,,12.0,"Community Banks of Colorado, A Division of",Bank of Jackson Hole Trust,Jackson,WY,-589,True,False
LAZER LLC,7782 RONALD DR,41156 CALLE SAN LEON,INDIO,165-302-05,"BOWDEN, JOHN M; BOWDEN, MARY SUE",04/19/2011,0.0,LAZER LLC,SADDLE RIVER,NJ,600000.0,,04/15/2020,Paid in Full,Limited  Liability Company(LLC),424330,,18.0,"TD Bank, National Association","TD Bank, National Association",WILMINGTON,DE,3284,True,True
AIMS LLC,16091 BEACH BLVD,15142 SOBEY RD,SARATOGA,142-082-35,"PACIFICLEWIS PROPERTIES,",01/18/2017,4600000.0,"AIMS, LLC",MISHAWAKA,IN,585527.0,593416.98,05/01/2020,Paid in Full,Limited  Liability Company(LLC),621399,,32.0,"JPMorgan Chase Bank, National Association","JPMorgan Chase Bank, National Association",CHICAGO,IL,1199,True,True
STEWART INDUSTRIES LLC,3311 BOUNTY CIR,1077 PACIFIC COAST HWY # 247,SEAL BEACH,178-431-14,"STEWART, JOSH; STEWART, BRENDA",05/04/2021,0.0,STEWART INDUSTRIES LLC,Battle Creek,MI,564165.0,568245.54,03/31/2021,Paid in Full,Limited  Liability Company(LLC),336211,,54.0,"Bank of America, National Association","Bank of America, National Association",CHARLOTTE,NC,-34,True,False
STEWART INDUSTRIES LLC,3311 BOUNTY CIR,1077 PACIFIC COAST HWY # 247,SEAL BEACH,178-431-14,"STEWART, JOSH; STEWART, BRENDA",05/04/2021,0.0,STEWART INDUSTRIES LLC,BATTLE CREEK,MI,564162.5,569665.02,04/15/2020,Paid in Full,Limited  Liability Company(LLC),336211,,47.0,"Bank of America, National Association","Bank of America, National Association",CHARLOTTE,NC,-384,True,False
NEWPORT LLC,4340 VON KARMAN AVE STE 205,640 N DIAMOND BAR BLVD,DIAMOND BAR,934-057-17,",",,,NEWPORT LLC,SAN FRANCISCO,CA,536590.0,540721.01,04/13/2020,Paid in Full,Limited  Liability Company(LLC),611710,,52.0,Synovus Bank,Synovus Bank,COLUMBUS,GA,,False,True
PACE RECOVERY CENTER LLC,528 16TH ST,3197 AIRPORT LOOP DR STE B,COSTA MESA,023-148-33,"BAROT, DIPTI S",07/27/2017,1400000.0,PACE RECOVERY CENTER LLC,NEWPORT BEACH,CA,510549.0,515612.53,05/01/2020,Paid in Full,Limited  Liability Company(LLC),624190,,49.0,"Wells Fargo Bank, National Association","Wells Fargo Bank, National Association",SIOUX FALLS,SD,1009,False,False
PACIFIC METALS GROUP LLC,829 HARBOR ISLAND DR,224 GLIDER CIR,CORONA,988-009-52,",",,,"PACIFIC METALS GROUP, LLC",Ontario,CA,381536.7,385634.3,01/30/2021,Paid in Full,Limited  Liability Company(LLC),336413,,35.0,American Business Bank,American Business Bank,Anaheim,CA,,False,True
MY VILLAGE LLC,12555 EUCLID ST APT 53,PO BOX 2247,ANAHEIM,930-536-39,"AADESS, LATIFA",11/26/2002,0.0,MYVILLAGE LLC,Nederland,CO,370030.0,374357.3,04/27/2020,Paid in Full,Limited  Liability Company(LLC),533110,,37.0,First-Citizens Bank & Trust Company,Silicon Valley Bridge Bank NA,SANTA CLARA,CA,6362,True,True
LIGHTHOUSE CAFE LLC,1600 W BALBOA BLVD,32565 GOLDEN LANTERN STE B,DANA POINT,988-007-96,",",,,LIGHTHOUSE CAFE LLC,Newport Beach,CA,366554.0,369265.5,02/07/2021,Paid in Full,Limited  Liability Company(LLC),722511,,39.0,"A10Capital, LLC","A10Capital, LLC",Boise,ID,,False,True
PACIFIC METALS GROUP LLC,829 HARBOR ISLAND DR,224 GLIDER CIR,CORONA,988-009-52,",",,,"PACIFIC METALS GROUP, LLC",ONTARIO,CA,364400.0,368313.56,04/14/2020,Paid in Full,Limited  Liability Company(LLC),332322,,36.0,American Business Bank,American Business Bank,Anaheim,CA,,False,True
DRT LLC,16862 CORAL CAY LN,20101 SW BIRCH ST STE 151,NEWPORT BEACH,178-653-37,"DRI LLC, ; DRT LLC,",07/29/1997,0.0,DRT LLC,ONTARIO,OR,357716.32,362048.12,04/28/2020,Paid in Full,Limited  Liability Company(LLC),423910,,24.0,Umpqua Bank,Umpqua Bank,Tacoma,WA,8309,True,False
INCUPLACE LLC,88 FAIR DR,PO BOX 3772,ALHAMBRA,988-007-23,",",,,INCUPLACE LLC,Marina del Rey,CA,301444.0,304062.02,02/20/2021,Paid in Full,Limited  Liability Company(LLC),722310,,13.0,"Harvest Small Business Finance, LLC","Harvest Small Business Finance, LLC",Laguna Hills,CA,,False,True
SWUN MATH LLC,19585 ELMRIDGE LN,10073 VALLEY VIEW ST # 116,CYPRESS,023-491-55,"STERUD, RON; AVERILL FAMILY TRUST,",09/02/2022,1412500.0,"SWUN MATH, LLC",CYPRESS,CA,294773.0,296339.74,04/30/2020,Paid in Full,Limited  Liability Company(LLC),611710,,22.0,Farmers & Merchants Bank of Long Beach,Farmers & Merchants Bank of Long Beach,LONG BEACH,CA,-855,False,True
INCUPLACE LLC,88 FAIR DR,PO BOX 3772,ALHAMBRA,988-007-23,",",,,INCUPLACE LLC,MARINA DEL REY,CA,287175.0,289330.78,04/28/2020,Paid in Full,Limited  Liability Company(LLC),541613,,12.0,Mega Bank,Mega Bank,SAN GABRIEL,CA,,False,True
COMPASSIONATE CARE HOSPICE LLC,17220 NEWHOPE ST STE 124,17220 NEWHOPE ST,FOUNTAIN VALLEY,938-780-18,"VAN DEUSEN, ELISHA B; VAN DEUSEN, LESLIE A",09/04/2018,419000.0,COMPASSIONATE CARE HOSPICE LLC,FOUNTAIN VALLEY,CA,279820.0,281636.91,05/01/2020,Paid in Full,Corporation,623110,,65.0,"Bank of America, National Association","Bank of America, National Association",CHARLOTTE,NC,605,False,False
COMPASSIONATE CARE HOSPICE LLC,17220 NEWHOPE ST STE 123,17220 NEWHOPE ST,FOUNTAIN VALLEY,938-780-19,"VAN DEUSEN, ELISHA B; VAN DEUSEN, LESLIE A",09/04/2018,419000.0,COMPASSIONATE CARE HOSPICE LLC,FOUNTAIN VALLEY,CA,279820.0,281636.91,05/01/2020,Paid in Full,Corporation,623110,,65.0,"Bank of America, National Association","Bank of America, National Association",CHARLOTTE,NC,605,False,False
LIGHTHOUSE CAFE LLC,1600 W BALBOA BLVD,32565 GOLDEN LANTERN STE B,DANA POINT,988-007-96,",",,,"LIGHTHOUSE CAFE, LLC",Newport Beach,CA,256495.0,259397.26,04/28/2020,Paid in Full,Limited  Liability Company(LLC),722511,,18.0,"U.S. Bank, National Association",US Bank National Association,San Francisco,CA,,False,True
RAV LLC,1 MAIN ST,175 CHESTNUT ST,SAN FRANCISCO,988-150-06,",",,,RAV LLC,Myrtle Beach,SC,229100.0,231441.91,03/18/2021,Paid in Full,Limited Liability Partnership,722511,,40.0,South Atlantic Bank,South Atlantic Bank,MYRTLE BEACH,SC,,True,True
RMI MANAGEMENT LLC,17191 KAMPEN LN,5 RIDGELINE DR,NEWPORT BEACH,167-343-14,"RAINES, AMY C; KATHLEEN W RAINES REVOCABLE TRUST,",06/06/2017,620000.0,RMI MANAGEMENT LLC,LONGVIEW,TX,217702.0,220600.72,04/06/2020,Paid in Full,Limited  Liability Company(LLC),722511,,50.0,Texas Bank and Trust Company,Texas Bank and Trust Company,LONGVIEW,TX,1035,True,False
THE LE FAMILY LLC,16752 JEFFREY CIR,2279 EAGLE GLEN PKWY # 112-461,CORONA,107-662-06,"LE, THANG BA; NGUYEN, PHUONG DUNG HUYNH",06/28/2019,0.0,THE LE FAMILY LLC,Killeen,TX,213900.0,216929.76,02/12/2021,Paid in Full,Limited  Liability Company(LLC),721110,,22.0,Loan Source Incorporated,Herring Bank,AMARILLO,TX,595,True,True
FIRST HIGHLAND LLC,8171 COBBLESTONE LN # 4,9631 BOLSA AVE,WESTMINSTER,938-270-26,"NGUYEN, JOHN",10/17/2012,0.0,"FIRST HIGHLAND, LLC",ORLANDO,FL,205811.48,207311.37,04/29/2020,Paid in Full,Limited  Liability Company(LLC),621399,,25.0,United Community Bank,United Community Bank,ORLANDO,FL,2751,True,False
FIRST HIGHLAND LLC,8171 COBBLESTONE LN # 4,9631 BOLSA AVE,WESTMINSTER,938-270-26,"NGUYEN, JOHN",10/17/2012,0.0,FIRST HIGHLAND LLC,Windermere,FL,205800.0,207040.44,01/30/2021,Paid in Full,Limited  Liability Company(LLC),812199,,25.0,United Community Bank,United Community Bank,Greenville,SC,3027,True,False
HB LLC,9472 RAMBLER DR,16340 75TH PL W,EDMONDS,149-053-07,"COVINGTON, JANET; CROSLEY, COURTNEY",06/04/2019,1127000.0,HB LLC,PROVIDENCE,RI,193170.0,195424.53,04/15/2020,Paid in Full,Limited  Liability Company(LLC),541310,,13.0,Webster Bank National Association,Webster Bank National Association,WATERBURY,CT,316,True,True
2450 COLORADO BLVD LLC,16255 PACIFIC CIR APT 306,9025 S 1300 E,SANDY,936-770-15,"U S BANK NATIONAL ASSOCIATION,",02/21/2012,385000.0,2450 COLORADO BLVD LLC,Chatsworth,CA,188000.0,,03/12/2021,Exemption 4,Limited  Liability Company(LLC),531110,,20.0,"Zions Bank, A Division of","Zions Bank, A Division of",SALT LAKE CITY,UT,3307,False,True
2450 COLORADO BLVD LLC,16255 PACIFIC CIR APT 306,9025 S 1300 E,SANDY,936-770-15,"U S BANK NATIONAL ASSOCIATION,",02/21/2012,385000.0,2450 COLORADO BLVD LLC,Chatsworth,CA,188000.0,,06/17/2020,Exemption 4,Limited  Liability Company(LLC),531110,,20.0,"Zions Bank, A Division of","Zions Bank, A Division of",SALT LAKE CITY,UT,3039,False,True
TRK LLC,7924 STARK DR,3316 LONDON ST,LOS ANGELES,142-083-09,"THE BAGSTAD GROUP THREE LP,",12/06/2016,5250000.0,"TRK, LLC",SALT LAKE CITY,UT,175700.0,178313.84,04/10/2020,Paid in Full,Limited  Liability Company(LLC),541512,,9.0,America First FCU,America First FCU,RIVERDALE,UT,1221,True,True
RAV LLC,1 MAIN ST,175 CHESTNUT ST,SAN FRANCISCO,988-150-06,",",,,RAV LLC,MYRTLE BEACH,SC,163700.0,165932.69,04/08/2020,Paid in Full,Limited Liability Partnership,722511,,45.0,South Atlantic Bank,South Atlantic Bank,MYRTLE BEACH,SC,,True,True
THE LE FAMILY LLC,16752 JEFFREY CIR,2279 EAGLE GLEN PKWY # 112-461,CORONA,107-662-06,"LE, THANG BA; NGUYEN, PHUONG DUNG HUYNH",06/28/2019,0.0,THE LE FAMILY LLC,KILLEEN,TX,152800.0,154395.91,04/15/2020,Paid in Full,Limited  Liability Company(LLC),721110,,35.0,Herring Bank,Herring Bank,AMARILLO,TX,292,True,True
EVERSTONE CAPITAL LLC,280 CAGNEY LN APT 116,268 AMBROISE,NEWPORT COAST,930-775-74,"PREECE, THOMAS R; THOMAS PREECE LIVING TRUST,",03/07/2025,900000.0,EVERSTONE CAPITAL LLC,NEW YORK,NY,146499.0,,05/19/2020,Paid in Full,Limited  Liability Company(LLC),812990,,5.0,"PNC Bank, National Association",First Source Federal Credit Union,Rome,NY,-1753,True,True
HB LLC,9472 RAMBLER DR,16340 75TH PL W,EDMONDS,149-053-07,"COVINGTON, JANET; CROSLEY, COURTNEY",06/04/2019,1127000.0,HB LLC,Long Beach,CA,146130.0,147152.91,02/11/2021,Paid in Full,Limited  Liability Company(LLC),721110,,18.0,East West Bank,East West Bank,PASADENA,CA,618,False,True
H B ENTERPRISE PROPERTY LLC,18372 ENTERPRISE LN,7332 SIENA AVE,WESTMINSTER,159-212-04,"MUESEGAES, FREDERICK G; FREDERICK G MUESEGAES RLT,",,0.0,"H.B. ENTERPRISE PROPERTY, LLC",Garden Grove,CA,145832.5,147849.85,02/11/2021,Paid in Full,Limited  Liability Company(LLC),424990,,7.0,Itria Ventures LLC,Itria Ventures LLC,New York,NY,,False,False
DBS-ENTERPRISES LLC,2881 COAST CIR APT A,8820 W RUSSELL RD STE 160,LAS VEGAS,936-770-37,"ANDERSEN, DONNA; VICTOR M ANDERSEN LIVING TRUST,",06/30/2022,1780000.0,DBS ENTERPRISES LLC,SANTA CLARA,CA,131908.0,,04/15/2020,Paid in Full,Limited  Liability Company(LLC),722511,,9.0,Heritage Bank of Commerce,Heritage Bank of Commerce,SAN JOSE,CA,-806,False,True
GALAXY MANAGEMENT LLC,1100 QUAIL ST STE 212,3 RIEZ,NEWPORT COAST,938-941-60,"ORO REAL ESTATE GROUP USA LLC,",08/29/2014,210000.0,GALAXY MANAGEMENT  LLC,FRISCO,TX,131324.42,,04/10/2020,Paid in Full,Limited Liability Partnership,531390,,10.0,Capital Community Bank,Capital Community Bank,PROVO,UT,2051,True,True
NEWPORT BEACH GOLF COURSE LLC,119-200 IRVINE BLVD,3100 IRVINE AVE,NEWPORT BEACH,988-012-81,",",,,NEWPORT BEACH GOLF COURSE LLC,NEWPORT BEACH,CA,115400.0,116402.24,04/15/2020,Paid in Full,Limited  Liability Company(LLC),713910,,19.0,BayFirst National Bank,BayFirst National Bank,Saint Petersburg,FL,,False,False
HB LLC,9472 RAMBLER DR,16340 75TH PL W,EDMONDS,149-053-07,"COVINGTON, JANET; CROSLEY, COURTNEY",06/04/2019,1127000.0,HB LLC,LONG BEACH,CA,105100.0,105794.83,04/09/2020,Paid in Full,Limited  Liability Company(LLC),721110,,22.0,East West Bank,East West Bank,PASADENA,CA,310,False,True
HSIAO GROUP LLC,1687 TOPANGA,225 DEERFIELD DR,WALNUT,930-617-42,"HSIAO, DAVID YINGLUNG; HSIAO, MARSHA LICHEN",,0.0,"HSIAO-GROUP, LLC",BUFFALO GROVE,IL,104100.0,35188.77,04/15/2020,Paid in Full,Limited  Liability Company(LLC),541614,,1.0,"Citibank, N.A.","Citibank, N.A.",Sioux Falls,SD,,True,True
JJ HOLDINGS LLC,20331 BLUFFSIDE CIR # A204,6000 HACKBERRY CT,FRISCO,936-178-59,"CHOPRA, VIK; CHOPRA, MEERA",12/12/2019,0.0,"J&J HOLDINGS, LLC",SHAKOPEE,MN,102390.0,100076.93,05/08/2020,Paid in Full,Limited  Liability Company(LLC),484110,,10.0,"Bank of America, National Association","Bank of America, National Association",CHARLOTTE,NC,148,True,True
INFINITY PROPERTIES LLC,775 W 17TH ST STE E,3419 VIA LIDO # 650,NEWPORT BEACH,939-831-22,"THE RICHARD AND KIM DETKEN FAMILY TRUST, ; DETKEN, RICHARD W",09/18/2025,901500.0,INFINITY PROPERTIES LLC,MOUNDS,OK,93200.0,94297.97,04/08/2020,Paid in Full,Limited Liability Partnership,236117,,7.0,BancFirst,BancFirst,OKLAHOMA CITY,OK,-1989,True,False
GOLDEN HILLS PROPERTIES LLC,3335 W COAST HWY,9701 WILSHIRE BLVD STE 1115,BEVERLY HILLS,988-023-26,",",,,GOLDEN HILLS PROPERTIES LLC,Los Angeles,CA,88324.4,88842.08,01/28/2021,Paid in Full,Limited  Liability Company(LLC),531120,,6.0,East West Bank,East West Bank,PASADENA,CA,,False,True
SDR LLC,5902 CHINOOK DR,8861 KATELLA AVE,ANAHEIM,195-223-06,"RODRIGUEZ, OSCAR GABRIEL; RODRIGUEZ, LEAH DIANE",03/12/2020,770000.0,"SDR, LLC",LARAMIE,WY,87900.0,88721.2,04/29/2020,Paid in Full,Limited  Liability Company(LLC),722511,,15.0,ANB Bank,ANB Bank,DENVER,CO,48,True,True
SDR LLC,15421 HANOVER LN,8861 KATELLA AVE,ANAHEIM,145-151-16,"CHANG, ROBERT TE CHIN; CHANG, SANDRA MEI LING TU",,0.0,"SDR, LLC",LARAMIE,WY,87900.0,88721.2,04/29/2020,Paid in Full,Limited  Liability Company(LLC),722511,,15.0,ANB Bank,ANB Bank,DENVER,CO,,True,True
SDR LLC,16691 BARTLETT LN,8861 KATELLA AVE,ANAHEIM,142-412-08,"CHANG, ROBERT TE CHIN; CHANG, SANDRA MEI LING TU",,0.0,"SDR, LLC",LARAMIE,WY,87900.0,88721.2,04/29/2020,Paid in Full,Limited  Liability Company(LLC),722511,,15.0,ANB Bank,ANB Bank,DENVER,CO,,True,True
SDR LLC,6561 SORENTO CIR,18437 STONEGATE LN,ROWLAND HEIGHTS,145-181-09,"CHANG, ROBERT T; CHANG, SANDRA T",,0.0,"SDR, LLC",LARAMIE,WY,87900.0,88721.2,04/29/2020,Paid in Full,Limited  Liability Company(LLC),722511,,15.0,ANB Bank,ANB Bank,DENVER,CO,,True,True
GOLDEN HILLS PROPERTIES LLC,3335 W COAST HWY,9701 WILSHIRE BLVD STE 1115,BEVERLY HILLS,988-023-26,",",,,"GOLDEN HILLS PROPERTIES, LLC",LOS ANGELES,CA,87500.0,88144.1,04/10/2020,Paid in Full,Limited  Liability Company(LLC),531120,,6.0,East West Bank,East West Bank,PASADENA,CA,,False,True
GALAXY MANAGEMENT LLC,1100 QUAIL ST STE 212,3 RIEZ,NEWPORT COAST,938-941-60,"ORO REAL ESTATE GROUP USA LLC,",08/29/2014,210000.0,"GALAXY MANAGEMENT, LLC",AUBURN,MA,86400.0,87514.92,04/04/2020,Paid in Full,Limited  Liability Company(LLC),541611,,6.0,bankHometown,bankHometown,OXFORD,MA,2045,True,True
GALAXY MANAGEMENT LLC,1100 QUAIL ST STE 212,3 RIEZ,NEWPORT COAST,938-941-60,"ORO REAL ESTATE GROUP USA LLC,",08/29/2014,210000.0,GALAXY MANAGEMENT LLC,Webster,MA,86400.0,86977.58,01/22/2021,Paid in Full,Limited  Liability Company(LLC),541310,,6.0,bankHometown,bankHometown,OXFORD,MA,2338,True,True
DBS-ENTERPRISES LLC,2881 COAST CIR APT A,8820 W RUSSELL RD STE 160,LAS VEGAS,936-770-37,"ANDERSEN, DONNA; VICTOR M ANDERSEN LIVING TRUST,",06/30/2022,1780000.0,DBS ENTERPRISES LLC,CAMDEN WYOMING,DE,78693.87,79377.32,04/28/2020,Paid in Full,Limited  Liability Company(LLC),811121,,7.0,"Wilmington Savings Fund Society, FSB","Wilmington Savings Fund Society, FSB",WILMINGTON,DE,-793,True,True
DBS-ENTERPRISES LLC,2881 COAST CIR APT A,8820 W RUSSELL RD STE 160,LAS VEGAS,936-770-37,"ANDERSEN, DONNA; VICTOR M ANDERSEN LIVING TRUST,",06/30/2022,1780000.0,DBS ENTERPRISES LLC,Camden Wyoming,DE,78692.0,79392.68,03/20/2021,Paid in Full,Limited  Liability Company(LLC),811121,,8.0,Loan Source Incorporated,Northeast Bank,LEWISTON,ME,-467,True,True
SDR LLC,5902 CHINOOK DR,8861 KATELLA AVE,ANAHEIM,195-223-06,"RODRIGUEZ, OSCAR GABRIEL; RODRIGUEZ, LEAH DIANE",03/12/2020,770000.0,SD&R LLC,SOUTHLAKE,TX,69600.0,70425.53,04/07/2020,Paid in Full,Limited  Liability Company(LLC),236118,,4.0,Origin Bank,Origin Bank,CHOUDRANT,LA,26,True,True
SDR LLC,15421 HANOVER LN,8861 KATELLA AVE,ANAHEIM,145-151-16,"CHANG, ROBERT TE CHIN; CHANG, SANDRA MEI LING TU",,0.0,SD&R LLC,SOUTHLAKE,TX,69600.0,70425.53,04/07/2020,Paid in Full,Limited  Liability Company(LLC),236118,,4.0,Origin Bank,Origin Bank,CHOUDRANT,LA,,True,True
SDR LLC,16691 BARTLETT LN,8861 KATELLA AVE,ANAHEIM,142-412-08,"CHANG, ROBERT TE CHIN; CHANG, SANDRA MEI LING TU",,0.0,SD&R LLC,SOUTHLAKE,TX,69600.0,70425.53,04/07/2020,Paid in Full,Limited  Liability Company(LLC),236118,,4.0,Origin Bank,Origin Bank,CHOUDRANT,LA,,True,True
SDR LLC,6561 SORENTO CIR,18437 STONEGATE LN,ROWLAND HEIGHTS,145-181-09,"CHANG, ROBERT T; CHANG, SANDRA T",,0.0,SD&R LLC,SOUTHLAKE,TX,69600.0,70425.53,04/07/2020,Paid in Full,Limited  Liability Company(LLC),236118,,4.0,Origin Bank,Origin Bank,CHOUDRANT,LA,,True,True
SDR LLC,5902 CHINOOK DR,8861 KATELLA AVE,ANAHEIM,195-223-06,"RODRIGUEZ, OSCAR GABRIEL; RODRIGUEZ, LEAH DIANE",03/12/2020,770000.0,SD&R LLC,Southlake,TX,69600.0,70251.53,01/28/2021,Paid in Full,Limited  Liability Company(LLC),236118,,4.0,Origin Bank,Origin Bank,CHOUDRANT,LA,322,True,True
SDR LLC,15421 HANOVER LN,8861 KATELLA AVE,ANAHEIM,145-151-16,"CHANG, ROBERT TE CHIN; CHANG, SANDRA MEI LING TU",,0.0,SD&R LLC,Southlake,TX,69600.0,70251.53,01/28/2021,Paid in Full,Limited  Liability Company(LLC),236118,,4.0,Origin Bank,Origin Bank,CHOUDRANT,LA,,True,True
SDR LLC,16691 BARTLETT LN,8861 KATELLA AVE,ANAHEIM,142-412-08,"CHANG, ROBERT TE CHIN; CHANG, SANDRA MEI LING TU",,0.0,SD&R LLC,Southlake,TX,69600.0,70251.53,01/28/2021,Paid in Full,Limited  Liability Company(LLC),236118,,4.0,Origin Bank,Origin Bank,CHOUDRANT,LA,,True,True
SDR LLC,6561 SORENTO CIR,18437 STONEGATE LN,ROWLAND HEIGHTS,145-181-09,"CHANG, ROBERT T; CHANG, SANDRA T",,0.0,SD&R LLC,Southlake,TX,69600.0,70251.53,01/28/2021,Paid in Full,Limited  Liability Company(LLC),236118,,4.0,Origin Bank,Origin Bank,CHOUDRANT,LA,,True,True
INFINITY PROPERTIES LLC,775 W 17TH ST STE E,3419 VIA LIDO # 650,NEWPORT BEACH,939-831-22,"THE RICHARD AND KIM DETKEN FAMILY TRUST, ; DETKEN, RICHARD W",09/18/2025,901500.0,INFINITY PROPERTIES LLC,Mounds,OK,69585.0,70238.33,01/19/2021,Paid in Full,Limited Liability Partnership,236210,,7.0,Regent Bank,Regent Bank,TULSA,OK,-1703,True,False
MRB ENTERPRISES LLC,826 BRICKYARD LN # 8,825 BRICKYARD LN,COSTA MESA,937-782-53,",",,,"MRB ENTERPRISES, LLC",ONAWA,IA,68000.0,68495.56,04/08/2020,Paid in Full,Limited  Liability Company(LLC),238350,,8.0,United Bank of Iowa,United Bank of Iowa,IDA GROVE,IA,,True,False
A & D LLC,5821 VIEW CIR,18055 BUSHARD ST,FOUNTAIN VALLEY,146-312-13,"DO, ELIZABETH",05/18/2021,0.0,"A&D, LLC",Asheville,NC,67912.5,68520.92,04/09/2020,Paid in Full,Corporation,448140,,2.0,HomeTrust Bank,HomeTrust Bank,ASHEVILLE,NC,-404,True,False
A & D LLC,5821 VIEW CIR,18055 BUSHARD ST,FOUNTAIN VALLEY,146-312-13,"DO, ELIZABETH",05/18/2021,0.0,A & D LLC,Asheville,NC,67912.0,68228.3,02/23/2021,Paid in Full,Corporation,448190,,14.0,HomeTrust Bank,HomeTrust Bank,ASHEVILLE,NC,-84,True,False
AGHA LLC,7852 RONALD DR,16 GENEVE,NEWPORT BEACH,165-302-12,"KIUMP OZ FUND LLC,",06/30/2021,0.0,AGHA LLC,BLAUVELT,NY,67712.0,68318.44,05/01/2020,Paid in Full,Limited  Liability Company(LLC),424120,,3.0,"JPMorgan Chase Bank, National Association","JPMorgan Chase Bank, National Association",CHICAGO,IL,-425,True,False
DEVPRI HOSPITALITY LLC,16220 PACIFIC COAST HWY,16555 PACIFIC COAST HWY,SUNSET BEACH,178-581-12,"JAY RAMDEV JI CORPORATION,",04/21/2016,1700000.0,DEVPRI HOSPITALITY LLC,Sunset Beach,CA,67100.0,67723.2,03/13/2021,Paid in Full,Limited  Liability Company(LLC),721110,,10.0,PCB Bank,PCB Bank,LOS ANGELES,CA,1787,False,True
DEVPRI HOSPITALITY LLC,16561 PACIFIC COAST HWY,16555 PACIFIC COAST HWY,SUNSET BEACH,178-516-13,"SANATHRA, RAJNI",,0.0,DEVPRI HOSPITALITY LLC,Sunset Beach,CA,67100.0,67723.2,03/13/2021,Paid in Full,Limited  Liability Company(LLC),721110,,10.0,PCB Bank,PCB Bank,LOS ANGELES,CA,,False,True
LOS ALAMOS LLC,17101 ASH LN,1100 DENNIS DR,COSTA MESA,165-362-17,"AYYOUB, EMAD H; AYYOUB, ENTESSAR",01/12/2016,2200000.0,LOS ALAMOS LLC,Uvalde,TX,64600.0,64923.88,02/22/2021,Paid in Full,Limited  Liability Company(LLC),722513,,5.0,First State Bank of Uvalde,First State Bank of Uvalde,UVALDE,TX,1868,True,False
A & D LLC,5821 VIEW CIR,18055 BUSHARD ST,FOUNTAIN VALLEY,146-312-13,"DO, ELIZABETH",05/18/2021,0.0,A & D LLC,Phoenix,AZ,55324.47,55607.24,02/19/2021,Paid in Full,Limited  Liability Company(LLC),311520,,10.0,First Fidelity Bank,First Fidelity Bank,OKLAHOMA CITY,OK,-88,True,False
DLC ENTERPRISES LLC,17392 QUEENS LN,2650 ELM AVE STE 218,LONG BEACH,165-233-04,"ELKHOURY, GEORGE F; ELKHOURY, REBECCA L",12/02/2016,1125000.0,"DLC ENTERPRISES, LLC",Ashburn,VA,55000.0,55575.97,01/28/2021,Paid in Full,Limited  Liability Company(LLC),541519,,4.0,Fountainhead SBF LLC,Fountainhead SBF LLC,LAKE MARY,FL,1518,True,False
PARS LLC,200 HARBOR WOODS PL,3117 S COLUMBIA CIR,TULSA,934-040-58,"KALANI, MOHAMMAD YASHAR; KALANI, KRISTIN NICOLE",06/14/2018,0.0,PARS LLC.,Chula Vista,CA,54442.0,54834.74,02/04/2021,Paid in Full,Limited  Liability Company(LLC),722515,,7.0,"JPMorgan Chase Bank, National Association","JPMorgan Chase Bank, National Association",COLUMBUS,OH,966,False,True
WFS PROPERTIES LLC,212 15TH ST,595 W LAMBERT RD STE 108,BREA,024-031-15,"MACFARLANE, JERRY; BROWN, TODD",07/16/2024,3850000.0,WFS PROPERTIES LLC,BREA,CA,54417.0,54911.97,05/01/2020,Paid in Full,Limited  Liability Company(LLC),531120,,4.0,"Bank of America, National Association","Bank of America, National Association",CHARLOTTE,NC,-1537,False,True
DBS-ENTERPRISES LLC,2881 COAST CIR APT A,8820 W RUSSELL RD STE 160,LAS VEGAS,936-770-37,"ANDERSEN, DONNA; VICTOR M ANDERSEN LIVING TRUST,",06/30/2022,1780000.0,DBS ENTERPRISES LLC,Chugiak,AK,53826.0,54187.3,02/10/2021,Paid in Full,Limited  Liability Company(LLC),236115,,6.0,Celtic Bank Corporation,Celtic Bank Corporation,SALT LAKE CITY,UT,-505,True,True
DBS-ENTERPRISES LLC,2881 COAST CIR APT A,8820 W RUSSELL RD STE 160,LAS VEGAS,936-770-37,"ANDERSEN, DONNA; VICTOR M ANDERSEN LIVING TRUST,",06/30/2022,1780000.0,DBS ENTERPRISES LLC,Chugiak,AK,51455.0,52058.36,05/05/2020,Paid in Full,Limited  Liability Company(LLC),236115,,6.0,Celtic Bank Corporation,Celtic Bank Corporation,SALT LAKE CITY,UT,-786,True,True
AGHA LLC,7852 RONALD DR,16 GENEVE,NEWPORT BEACH,165-302-12,"KIUMP OZ FUND LLC,",06/30/2021,0.0,AGHA LLC,Blauvelt,NY,49745.0,50070.0,01/30/2021,Paid in Full,Limited  Liability Company(LLC),424120,,3.0,"JPMorgan Chase Bank, National Association","JPMorgan Chase Bank, National Association",COLUMBUS,OH,-151,True,False
SUMMIT PROPERTIES LLC,2501 FLORIDA ST,3334 E WOODBINE RD,ORANGE,025-111-58,"MADANI, REZA; MADANI REVOCABLE LIVING TRUST,",03/07/2025,3100000.0,"SUMMIT PROPERTIES, LLC",Hot Springs National Park,AR,48800.0,49181.04,04/16/2020,Paid in Full,Limited Liability Partnership,236220,,4.0,Regions Bank,Regions Bank,BIRMINGHAM,AL,-1786,True,True
DEVPRI HOSPITALITY LLC,16220 PACIFIC COAST HWY,16555 PACIFIC COAST HWY,SUNSET BEACH,178-581-12,"JAY RAMDEV JI CORPORATION,",04/21/2016,1700000.0,DEVPRI HOSPITALITY LLC,SUNSET BEACH,CA,47900.0,48329.13,04/09/2020,Paid in Full,Limited  Liability Company(LLC),721110,,18.0,PCB Bank,PCB Bank,LOS ANGELES,CA,1449,False,True
DEVPRI HOSPITALITY LLC,16561 PACIFIC COAST HWY,16555 PACIFIC COAST HWY,SUNSET BEACH,178-516-13,"SANATHRA, RAJNI",,0.0,DEVPRI HOSPITALITY LLC,SUNSET BEACH,CA,47900.0,48329.13,04/09/2020,Paid in Full,Limited  Liability Company(LLC),721110,,18.0,PCB Bank,PCB Bank,LOS ANGELES,CA,,False,True
J3 HOLDINGS LLC,12555 EUCLID ST APT 51,340 E 1ST ST UNIT 1590,TUSTIN,930-536-37,"NGUYEN, TWEETY",07/31/2012,115000.0,J3 HOLDINGS LLC,FARGO,ND,47600.0,47943.78,04/14/2020,Paid in Full,Limited  Liability Company(LLC),531311,,9.0,First Western Bank & Trust,First Western Bank & Trust,FARGO,ND,2814,True,True
J3 HOLDINGS LLC,10371 GARDEN GROVE BLVD APT 32,340 E 1ST ST UNIT 1590,TUSTIN,930-538-25,"KRULL VENTURE PARTNERS LLC,",06/07/2013,0.0,J3 HOLDINGS LLC,FARGO,ND,47600.0,47943.78,04/14/2020,Paid in Full,Limited  Liability Company(LLC),531311,,9.0,First Western Bank & Trust,First Western Bank & Trust,FARGO,ND,2503,True,True
J3 HOLDINGS LLC,12422 WOODBRIDGE DR,340 E 1ST ST UNIT 1590,TUSTIN,935-722-32,"KRULL VENTURE PARTNERS LLC,",01/11/2013,0.0,J3 HOLDINGS LLC,FARGO,ND,47600.0,47943.78,04/14/2020,Paid in Full,Limited  Liability Company(LLC),531311,,9.0,First Western Bank & Trust,First Western Bank & Trust,FARGO,ND,2650,True,True
PALACE PROPERTIES LLC,755 W 17TH ST STE I,1575 PLACENTIA AVE,NEWPORT BEACH,939-831-09,"CM17 PROPERTIES LLC,",12/12/2014,375000.0,"PALACE PROPERTIES, LLC",HUNTINGTON,WV,46500.0,47101.92,04/07/2020,Paid in Full,Limited  Liability Company(LLC),531110,,8.0,United Bank,United Bank,FAIRFAX,VA,1943,True,False
RANCHO LA SIESTA LLC,18194 BUSHARD ST,18182 BUSHARD ST,FOUNTAIN VALLEY,157-231-04,"RANCHO LA SIESTA LLC, ; RANCHO LA SIESTA,",12/29/2010,0.0,RANCHO LA SIESTA LLC,Fountain Valley,CA,45000.0,45366.25,08/05/2020,Paid in Full,Limited  Liability Company(LLC),531190,,7.0,Fountainhead SBF LLC,Fountainhead SBF LLC,LAKE MARY,FL,3507,False,False
LFA GROUP LLC,12762 MAIN ST,11461 LAMPSON AVE,GARDEN GROVE,988-072-62,",",,,"LFA GROUP, LLC",GARDEN GROVE,CA,43290.0,,04/30/2020,Paid in Full,Limited  Liability Company(LLC),722511,,24.0,"Bank of America, National Association","Bank of America, National Association",CHARLOTTE,NC,,False,True
CROWN WEALTH PROPERTIES LLC,2900 BRISTOL ST # 1,2900 BRISTOL ST STE B106,COSTA MESA,939-570-01,"STARPOINT COMMERCIAL PROPERTIES LLC,",09/14/2011,0.0,CROWN WEALTH PROPERTIES LLC,COSTA MESA,CA,43190.0,43676.33,05/01/2020,Paid in Full,Subchapter S Corporation,531210,,3.0,"Bank of America, National Association","Bank of America, National Association",CHARLOTTE,NC,3152,False,False
DDA LLC,17150 SAN MATEO ST # 9,PO BOX 722,ZEPHYR COVE,930-294-09,"BENSON, DEBRA S; KIEFLER, DAWN L",04/10/2009,0.0,DDA LLC,LOUISVILLE,KY,42200.0,42472.74,04/13/2020,Paid in Full,Limited  Liability Company(LLC),541618,,10.0,Republic Bank & Trust Company,Republic Bank & Trust Company,LOUISVILLE,KY,4021,True,True
MERRIMAC PARTNERS LLC,20962 CABRILLO LN # 61,19871 YORBA LINDA BLVD STE 105,YORBA LINDA,934-472-42,"HART, RORY JD",01/30/2019,1150000.0,MERRIMAC PARTNERS LLC,YORBA LINDA,CA,41665.0,42106.21,05/01/2020,Paid in Full,Limited  Liability Company(LLC),531120,,2.0,"JPMorgan Chase Bank, National Association","JPMorgan Chase Bank, National Association",CHICAGO,IL,457,False,True
AIMS LLC,16091 BEACH BLVD,15142 SOBEY RD,SARATOGA,142-082-35,"PACIFICLEWIS PROPERTIES,",01/18/2017,4600000.0,AIMS LLC,SPRINGFIELD,MO,41250.0,41586.88,04/29/2020,Paid in Full,Subchapter S Corporation,511120,,5.0,Great Southern Bank,Great Southern Bank,Springfield,MO,1197,True,True
BARAKAH LLC,8161 SAN ANGELO DR,9581 WESTWOOD DR,WESTMINSTER,107-773-08,"OBEID, ABDUL RAHMAN; OBEID, HELEN JOZANE",06/08/2007,0.0,BARAKAH LLC,TACOMA,WA,40770.0,41198.92,05/01/2020,Paid in Full,Limited  Liability Company(LLC),,,8.0,"Bank of America, National Association","Bank of America, National Association",CHARLOTTE,NC,4711,True,False
BARAKAH LLC,8161 SAN ANGELO DR,9581 WESTWOOD DR,WESTMINSTER,107-773-08,"OBEID, ABDUL RAHMAN; OBEID, HELEN JOZANE",06/08/2007,0.0,BARAKAH LLC,Renton,WA,40770.0,40997.87,01/25/2021,Paid in Full,Limited  Liability Company(LLC),447110,,9.0,"Bank of America, National Association","Bank of America, National Association",CHARLOTTE,NC,4980,True,False
PARS LLC,200 HARBOR WOODS PL,3117 S COLUMBIA CIR,TULSA,934-040-58,"KALANI, MOHAMMAD YASHAR; KALANI, KRISTIN NICOLE",06/14/2018,0.0,P.A.R. & S. LLC,Pitman,NJ,39542.0,39931.93,05/01/2020,Paid in Full,Limited  Liability Company(LLC),811111,,6.0,"TD Bank, National Association","TD Bank, National Association",WILMINGTON,DE,687,True,True
RAV LLC,1 MAIN ST,175 CHESTNUT ST,SAN FRANCISCO,988-150-06,",",,,R-A-V LLC,Lincoln,NE,39200.0,39442.82,01/21/2021,Paid in Full,Limited  Liability Company(LLC),485999,,4.0,Midwest Bank,Midwest Bank,PIERCE,NE,,True,True
RAV LLC,1 MAIN ST,175 CHESTNUT ST,SAN FRANCISCO,988-150-06,",",,,R-A-V LLC,LINCOLN,NE,39200.0,39433.02,04/14/2020,Paid in Full,Limited  Liability Company(LLC),532111,,5.0,Midwest Bank,Midwest Bank,PIERCE,NE,,True,True
PARS LLC,200 HARBOR WOODS PL,3117 S COLUMBIA CIR,TULSA,934-040-58,"KALANI, MOHAMMAD YASHAR; KALANI, KRISTIN NICOLE",06/14/2018,0.0,PAR & S LLC,Pitman,NJ,38750.0,39026.63,02/19/2021,Paid in Full,Limited  Liability Company(LLC),811111,,6.0,"TD Bank, National Association","TD Bank, National Association",WILMINGTON,DE,981,True,True
E & N ENTERPRISES LLC,345 AVOCADO ST UNIT A3,PO BOX 876,TUSTIN,938-650-26,"RBJJ PROPERTIES LLC,",09/30/2003,139500.0,"E & N ENTERPRISES, LLC",ORANGE CITY,IA,37400.0,37608.82,04/09/2020,Paid in Full,Limited  Liability Company(LLC),541320,,23.0,Iowa State Bank,Iowa State Bank,HULL,IA,6036,True,True
PHAM FAMILY LLC,7192 MAIN ST # 10,9800 NEWVILLE AVE,DOWNEY,939-100-16,"PHAMILY LLC,",04/05/2007,0.0,"PHAM FAMILY, LLC",TUCKER,GA,36424.0,36914.98,05/01/2020,Paid in Full,Limited  Liability Company(LLC),561499,,6.0,"Bank of America, National Association","Bank of America, National Association",CHARLOTTE,NC,4775,True,True
LEGACY GLOBAL LLC,7303 CLAY AVE,19051 GOLDENWEST UNIT 106-312,TUSTIN,935-760-45,"LEE, ANTHONY MICHAEL",01/12/2004,0.0,LEGACY GLOBAL LLC.,Davidson,NC,36329.0,36481.28,03/24/2021,Paid in Full,Limited  Liability Company(LLC),423220,,4.0,Regions Bank,Regions Bank,BIRMINGHAM,AL,6281,True,True
JJ HOLDINGS LLC,20331 BLUFFSIDE CIR # A204,6000 HACKBERRY CT,FRISCO,936-178-59,"CHOPRA, VIK; CHOPRA, MEERA",12/12/2019,0.0,JJ HOLDINGS LLC,LAFAYETTE,LA,36200.0,36474.72,04/04/2020,Paid in Full,Limited  Liability Company(LLC),722513,,17.0,Gulf Coast Bank,Gulf Coast Bank,ABBEVILLE,LA,114,True,True
TR ENTERPRISE LLC,17090 SAN BRUNO ST # 13,18627 BROOKHURST ST # 445,FOUNTAIN VALLEY,930-295-35,"NGUYEN, TIMOTHY; CHUNG, ROMMONY",02/04/2009,0.0,"T & R ENTERPRISE, LLC",BOONE,NC,35600.0,35994.04,04/28/2020,Paid in Full,Limited  Liability Company(LLC),561499,,4.0,Skyline National Bank,Skyline National Bank,INDEPENDENCE,VA,4101,True,False
TR ENTERPRISE LLC,10200 LA HACIENDA AVE # 1,18627 BROOKHURST ST # 445,FOUNTAIN VALLEY,930-294-01,"NGUYEN, TIMOTHY; CHUNG, ROMMONY",10/08/2002,0.0,"T & R ENTERPRISE, LLC",BOONE,NC,35600.0,35994.04,04/28/2020,Paid in Full,Limited  Liability Company(LLC),561499,,4.0,Skyline National Bank,Skyline National Bank,INDEPENDENCE,VA,6412,True,False
BARAKAH LLC,8161 SAN ANGELO DR,9581 WESTWOOD DR,WESTMINSTER,107-773-08,"OBEID, ABDUL RAHMAN; OBEID, HELEN JOZANE",06/08/2007,0.0,BARAKAH LLC,Chanhassen,MN,35553.0,35858.16,02/04/2021,Paid in Full,Corporation,722513,,8.0,First Western Bank & Trust,First Western Bank & Trust,MINOT,ND,4990,True,False
DDA LLC,17150 SAN MATEO ST # 9,PO BOX 722,ZEPHYR COVE,930-294-09,"BENSON, DEBRA S; KIEFLER, DAWN L",04/10/2009,0.0,DDA LLC,Louisville,KY,35500.0,35765.26,01/25/2021,Paid in Full,Limited  Liability Company(LLC),722410,,10.0,Republic Bank & Trust Company,Republic Bank & Trust Company,LOUISVILLE,KY,4308,True,True
SAMPSON VENTURES LLC,17682 SAMPSON LN,12221 POPLAR ST STE 3,HESPERIA,165-331-17,"DEL S FOOD BARSTOW INC,",01/29/2025,0.0,"SAMPSON VENTURES, LLC",PANAMA CITY,FL,35480.0,35757.93,04/29/2020,Paid in Full,Limited  Liability Company(LLC),531210,,8.0,Trustmark National Bank,Trustmark National Bank,JACKSON,MS,-1736,True,True
HB LLC,9472 RAMBLER DR,16340 75TH PL W,EDMONDS,149-053-07,"COVINGTON, JANET; CROSLEY, COURTNEY",06/04/2019,1127000.0,HB LLC,LAS VEGAS,NV,34923.0,35225.35,04/15/2020,Paid in Full,Corporation,442210,,29.0,"Bank of America, National Association","Bank of America, National Association",CHARLOTTE,NC,316,True,True
HB LLC,9472 RAMBLER DR,16340 75TH PL W,EDMONDS,149-053-07,"COVINGTON, JANET; CROSLEY, COURTNEY",06/04/2019,1127000.0,HB LLC,Las Vegas,NV,34922.0,35281.74,03/03/2021,Paid in Full,Corporation,444190,,4.0,"Bank of America, National Association","Bank of America, National Association",CHARLOTTE,NC,638,True,True
JJ HOLDINGS LLC,20331 BLUFFSIDE CIR # A204,6000 HACKBERRY CT,FRISCO,936-178-59,"CHOPRA, VIK; CHOPRA, MEERA",12/12/2019,0.0,"J&J HOLDINGS, LLC",Shakopee,MN,34837.0,35298.95,03/20/2021,Paid in Full,Limited  Liability Company(LLC),238910,,5.0,"Bank of America, National Association","Bank of America, National Association",CHARLOTTE,NC,464,True,True
KC GROUP LLC,15301 PACIFIC ST,10252 AVENIDA CINCO DE MAYO,FOUNTAIN VALLEY,142-052-10,"GARCIA, ANGEL; GARCIA FAMILY TRUST,",11/16/2022,820000.0,K.C. GROUP LLC,Grayling,MI,33750.0,34084.73,04/27/2020,Paid in Full,Limited  Liability Company(LLC),713910,,11.0,The Huntington National Bank,The Huntington National Bank,SIOUX FALLS,SD,-933,True,False
HAN LLC,6262 CHINOOK AVE,6431 NAVAJO RD,WESTMINSTER,195-283-09,"THE PAUL SULAHIAN REVOCABLE LIVING TRUST, ; SINANIAN, LARA",03/17/2026,900000.0,HAN LLC,FREEPORT,ME,32900.0,33001.85,07/10/2020,Paid in Full,Limited  Liability Company(LLC),722513,,7.0,Bath Savings Institution,Bath Savings Institution,BATH,ME,-2076,True,False
HAN LLC,6272 CHINOOK AVE,6431 NAVAJO RD,WESTMINSTER,195-283-10,"THE PAUL SULAHIAN REVOCABLE LIVING TRUST, ; SINANIAN, LARA",03/17/2026,900000.0,HAN LLC,FREEPORT,ME,32900.0,33001.85,07/10/2020,Paid in Full,Limited  Liability Company(LLC),722513,,7.0,Bath Savings Institution,Bath Savings Institution,BATH,ME,-2076,True,False
A & D LLC,5821 VIEW CIR,18055 BUSHARD ST,FOUNTAIN VALLEY,146-312-13,"DO, ELIZABETH",05/18/2021,0.0,"A & D, LLC",PHOENIX,AZ,32715.0,33060.54,05/08/2020,Paid in Full,Limited  Liability Company(LLC),311520,,6.0,"JPMorgan Chase Bank, National Association","JPMorgan Chase Bank, National Association",CHICAGO,IL,-375,True,False
HB LLC,9472 RAMBLER DR,16340 75TH PL W,EDMONDS,149-053-07,"COVINGTON, JANET; CROSLEY, COURTNEY",06/04/2019,1127000.0,HB LLC,Wichita,KS,30900.0,31046.78,01/30/2021,Paid in Full,Limited  Liability Company(LLC),721110,,8.0,Community National Bank & Trust,Community National Bank & Trust,CHANUTE,KS,606,True,True
DDA LLC,17150 SAN MATEO ST # 9,PO BOX 722,ZEPHYR COVE,930-294-09,"BENSON, DEBRA S; KIEFLER, DAWN L",04/10/2009,0.0,DDA LLC,Fairlawn,NJ,30000.0,30362.5,05/02/2020,Paid in Full,Limited  Liability Company(LLC),488210,,6.0,"TD Bank, National Association","TD Bank, National Association",WILMINGTON,DE,4040,True,True
SAMPSON VENTURES LLC,17682 SAMPSON LN,12221 POPLAR ST STE 3,HESPERIA,165-331-17,"DEL S FOOD BARSTOW INC,",01/29/2025,0.0,SAMPSON VENTURES LLC,Panama City,FL,29673.0,29883.56,02/26/2021,Paid in Full,Limited  Liability Company(LLC),811192,,7.0,Loan Source Incorporated,Trustmark National Bank,JACKSON,MS,-1433,True,True
LA COLONIA LLC,9436 LA COLONIA AVE,16101 WALKER CIR,WESTMINSTER,167-163-19,"TRUONG, THI NGOC PHUONG; PHAM, TUNG THANH",03/02/2020,0.0,LA COLONIA LLC,SUITLAND,MD,29602.0,29769.74,02/01/2021,Paid in Full,Limited  Liability Company(LLC),445110,,9.0,Atlantic Union Bank,Atlantic Union Bank,RICHMOND,VA,336,True,False
LA COLONIA LLC,9436 LA COLONIA AVE,16101 WALKER CIR,WESTMINSTER,167-163-19,"TRUONG, THI NGOC PHUONG; PHAM, TUNG THANH",03/02/2020,0.0,LA COLONIA LLC,Suitland,MD,29600.0,29901.76,06/12/2020,Paid in Full,Limited  Liability Company(LLC),445110,,9.0,Atlantic Union Bank,Atlantic Union Bank,RICHMOND,VA,102,True,False
PARKSVILLE INVESTMENT LLC,7450 EDINGER AVE,4848 WILSHIRE BLVD APT 302,LOS ANGELES,142-511-17,",",12/27/2007,,PARKSVILLE INVESTMENT LLC,LOS ANGELES,CA,29165.0,29650.02,05/06/2020,Paid in Full,Limited  Liability Company(LLC),531210,,1.0,Celtic Bank Corporation,Celtic Bank Corporation,SALT LAKE CITY,UT,4514,False,True
DLC ENTERPRISES LLC,17392 QUEENS LN,2650 ELM AVE STE 218,LONG BEACH,165-233-04,"ELKHOURY, GEORGE F; ELKHOURY, REBECCA L",12/02/2016,1125000.0,"DLC ENTERPRISES, LLC",ASHBURN,VA,29114.0,29585.49,06/18/2020,Paid in Full,Limited  Liability Company(LLC),624120,,19.0,Fountainhead SBF LLC,Fountainhead SBF LLC,LAKE MARY,FL,1294,True,False
JBH LLC,711 W 17TH ST # 19,18331 E SANTA CLARA AVE,NORTH TUSTIN,939-830-19,"B L FUND I PARTNERS A GENERAL PARTNERSHI,",03/16/2000,0.0,JBH LLC,DALTON,PA,28067.0,28378.86,04/29/2020,Paid in Full,Sole Proprietorship,722511,,8.0,The Honesdale National Bank,The Honesdale National Bank,HONESDALE,PA,7349,True,True
BARAKAH LLC,8161 SAN ANGELO DR,9581 WESTWOOD DR,WESTMINSTER,107-773-08,"OBEID, ABDUL RAHMAN; OBEID, HELEN JOZANE",06/08/2007,0.0,BARAKAH LLC,CHANHASSEN,MN,27500.0,27807.08,04/28/2020,Paid in Full,Corporation,722511,,9.0,First Western Bank & Trust,First Western Bank & Trust,MINOT,ND,4708,True,False
JEK INVESTMENTS LLC,1325 DELAWARE ST,620 TERMINAL WAY,COSTA MESA,025-091-01,"KOLL, EDWIN LEE; KOLL, JOANN D",,0.0,JEK INVESTMENTS LLC,Phoenix,AZ,26907.0,27221.78,01/30/2021,Paid in Full,Subchapter S Corporation,525920,,2.0,Loan Source Incorporated,Northeast Bank,LEWISTON,ME,,True,False
DRIVE LLC,3080 AIRWAY AVE STE 104,PO BOX 3639,NEWPORT BEACH,938-980-55,",",,,DRIVE LLC,NIXA,MO,26200.0,26370.84,04/06/2020,Paid in Full,Limited  Liability Company(LLC),484121,,5.0,The Bank of Missouri,The Bank of Missouri,PERRYVILLE,MO,,True,False
SUBURBAN PROPERTIES LLC,9679 ELLIS AVE,10529 SLATER AVE,FOUNTAIN VALLEY,157-054-58,"VILAGUT, GEORGE",06/15/2015,0.0,SUBURBAN PROPERTIES LLC,Batavia,IL,26047.0,26161.32,02/03/2021,Paid in Full,Limited  Liability Company(LLC),488190,,2.0,"Resource Bank, National Association","Resource Bank, National Association",DEKALB,IL,2060,True,False
GALAXY MANAGEMENT LLC,1100 QUAIL ST STE 212,3 RIEZ,NEWPORT COAST,938-941-60,"ORO REAL ESTATE GROUP USA LLC,",08/29/2014,210000.0,GALAXY MANAGEMENT LLC,Charlotte,NC,25777.5,25959.37,02/05/2021,Paid in Full,Limited  Liability Company(LLC),721110,,5.0,First Horizon Bank,First Horizon Bank,MEMPHIS,TN,2352,True,True
BONGOS SPORTFISHING LLC,829 HARBOR ISLAND DR,3181 ROWENA DR,ROSSMOOR,988-015-77,",",,,BONGOS SPORTFISHING LLC,NEWPORT BEACH,CA,25250.0,25670.66,05/01/2020,Paid in Full,Limited  Liability Company(LLC),488390,,4.0,"JPMorgan Chase Bank, National Association","JPMorgan Chase Bank, National Association",CHICAGO,IL,,False,True
SDM HOLDINGS LLC,16541 LOIRE CIR,1 COTTONWOOD,NEWPORT COAST,142-171-04,"BN NEW WORLD CORPORATION, ; BN NEW WORLD CORPORATION INC,",04/09/2025,1300000.0,SDM HOLDINGS LLC,CASTLE PINES,CO,24737.0,21519.62,04/14/2020,Paid in Full,Limited  Liability Company(LLC),541219,,1.0,Cross River Bank,Cross River Bank,TEANECK,NJ,-1821,True,True
SUBURBAN PROPERTIES LLC,9679 ELLIS AVE,10529 SLATER AVE,FOUNTAIN VALLEY,157-054-58,"VILAGUT, GEORGE",06/15/2015,0.0,"SUBURBAN PROPERTIES, LLC",SUGAR GROVE,IL,24500.0,24638.15,04/10/2020,Paid in Full,Limited  Liability Company(LLC),488190,,2.0,"Resource Bank, National Association","Resource Bank, National Association",DEKALB,IL,1761,True,False
DRT INVESTMENTS LLC,16862 CORAL CAY LN,20101 SW BIRCH ST STE 151,NEWPORT BEACH,988-999-13,",",,,DRT INVESTMENTS LLC,Phoenix,AZ,24094.0,24246.82,01/31/2021,Paid in Full,Limited  Liability Company(LLC),722513,,3.0,"JPMorgan Chase Bank, National Association","JPMorgan Chase Bank, National Association",COLUMBUS,OH,,True,False
DRT INVESTMENTS LLC,19900 BEACH BLVD,20101 SW BIRCH ST STE 151,NEWPORT BEACH,153-091-27,"TAYLOR, DANIEL R; TAYLOR FAMILY TRUST,",10/28/2003,0.0,DRT INVESTMENTS LLC,Phoenix,AZ,24094.0,24246.82,01/31/2021,Paid in Full,Limited  Liability Company(LLC),722513,,3.0,"JPMorgan Chase Bank, National Association","JPMorgan Chase Bank, National Association",COLUMBUS,OH,6305,True,False
ARES INVESTMENT GROUP LLC,7755 CENTER AVE,1683 SUNFLOWER AVE STE B,COSTA MESA,142-342-17,"ONE PACIFIC PLAZA OWNER LLC,",09/18/2023,42000000.0,"ARES INVESTMENT GROUP, LLC",Reno,NV,24000.0,24352.0,07/20/2020,Paid in Full,Limited  Liability Company(LLC),531390,,1.0,MBE Capital Partners,MBE Capital Partners,Fort Lee,NJ,-1155,True,False
ARES INVESTMENT GROUP LLC,7777 CENTER AVE,1683 SUNFLOWER AVE STE B,COSTA MESA,142-342-20,"ONE PACIFIC PLAZA OWNER LLC,",09/18/2023,42000000.0,"ARES INVESTMENT GROUP, LLC",Reno,NV,24000.0,24352.0,07/20/2020,Paid in Full,Limited  Liability Company(LLC),531390,,1.0,MBE Capital Partners,MBE Capital Partners,Fort Lee,NJ,-1155,True,False
ARES INVESTMENT GROUP LLC,7767 CENTER AVE,1683 SUNFLOWER AVE STE B,COSTA MESA,142-342-15,"ONE PACIFIC PLAZA OWNER LLC,",09/18/2023,42000000.0,"ARES INVESTMENT GROUP, LLC",Reno,NV,24000.0,24352.0,07/20/2020,Paid in Full,Limited  Liability Company(LLC),531390,,1.0,MBE Capital Partners,MBE Capital Partners,Fort Lee,NJ,-1155,True,False
ARES INVESTMENT GROUP LLC,7711 CENTER AVE,1683 SUNFLOWER AVE STE B,COSTA MESA,142-342-16,"ONE PACIFIC PLAZA OWNER LLC,",09/18/2023,42000000.0,"ARES INVESTMENT GROUP, LLC",Reno,NV,24000.0,24352.0,07/20/2020,Paid in Full,Limited  Liability Company(LLC),531390,,1.0,MBE Capital Partners,MBE Capital Partners,Fort Lee,NJ,-1155,True,False
RAV LLC,1 MAIN ST,175 CHESTNUT ST,SAN FRANCISCO,988-150-06,",",,,"RAV, L.L.C.",BELLINGHAM,WA,23955.0,24107.61,04/27/2020,Paid in Full,Limited  Liability Company(LLC),236115,,5.0,Peoples Bank,Peoples Bank,BELLINGHAM,WA,,True,True
DRT LLC,16862 CORAL CAY LN,20101 SW BIRCH ST STE 151,NEWPORT BEACH,178-653-37,"DRI LLC, ; DRT LLC,",07/29/1997,0.0,DRT LLC,BYRON CENTER,MI,23400.0,23700.03,04/28/2020,Paid in Full,Limited  Liability Company(LLC),999990,,3.0,Macatawa Bank,Macatawa Bank,HOLLAND,MI,8309,True,False
DRIVE LLC,3080 AIRWAY AVE STE 104,PO BOX 3639,NEWPORT BEACH,938-980-55,",",,,DRIVE LLC,Hubbard,OH,22557.0,22694.85,03/12/2021,Paid in Full,Subchapter S Corporation,511120,,3.0,"PNC Bank, National Association","PNC Bank, National Association",WILMINGTON,DE,,True,False
HB LLC,9472 RAMBLER DR,16340 75TH PL W,EDMONDS,149-053-07,"COVINGTON, JANET; CROSLEY, COURTNEY",06/04/2019,1127000.0,"HB, LLC",WICHITA,KS,22500.0,22683.75,04/09/2020,Paid in Full,Limited  Liability Company(LLC),721110,,7.0,Community National Bank & Trust,Community National Bank & Trust,CHANUTE,KS,310,True,True
SMD INVESTMENTS LLC,1654 IOWA ST UNIT C,9851 OASIS AVE,GARDEN GROVE,932-071-07,"INSTANT CASH OFFER PROPERTIES LLC,",09/13/2022,510000.0,SMD INVESTMENTS LLC,Cottondale,AL,21700.0,21909.16,04/15/2020,Paid in Full,Limited  Liability Company(LLC),447110,,5.0,Truist Bank,Truist Bank,CHARLOTTE,NC,-881,True,True
DRIVE LLC,3080 AIRWAY AVE STE 104,PO BOX 3639,NEWPORT BEACH,938-980-55,",",,,DRIVE LLC,HUBBARD,OH,21600.0,21787.2,05/01/2020,Paid in Full,Subchapter S Corporation,561990,,3.0,"PNC Bank, National Association","PNC Bank, National Association",WILMINGTON,DE,,True,False
INSIGHT PROPERTIES LLC,3151 AIRWAY AVE STE M3,3151 AIRWAY AVE STE J2,COSTA MESA,938-940-68,",",09/28/2005,,INSIGHT PROPERTIES LLC,Happy Valley,OR,20833.0,20910.55,04/07/2021,Paid in Full,Limited  Liability Company(LLC),236117,,1.0,Itria Ventures LLC,Itria Ventures LLC,New York,NY,5670,True,False
ARES INVESTMENT GROUP LLC,7755 CENTER AVE,1683 SUNFLOWER AVE STE B,COSTA MESA,142-342-17,"ONE PACIFIC PLAZA OWNER LLC,",09/18/2023,42000000.0,ARES INVESTMENT GROUP LLC,Reno,NV,20832.0,20887.93,04/06/2021,Paid in Full,Limited  Liability Company(LLC),531390,,1.0,"Readycap Lending, LLC","Readycap Lending, LLC",BERKELEY HEIGHTS,NJ,-895,True,False
ARES INVESTMENT GROUP LLC,7777 CENTER AVE,1683 SUNFLOWER AVE STE B,COSTA MESA,142-342-20,"ONE PACIFIC PLAZA OWNER LLC,",09/18/2023,42000000.0,ARES INVESTMENT GROUP LLC,Reno,NV,20832.0,20887.93,04/06/2021,Paid in Full,Limited  Liability Company(LLC),531390,,1.0,"Readycap Lending, LLC","Readycap Lending, LLC",BERKELEY HEIGHTS,NJ,-895,True,False
ARES INVESTMENT GROUP LLC,7767 CENTER AVE,1683 SUNFLOWER AVE STE B,COSTA MESA,142-342-15,"ONE PACIFIC PLAZA OWNER LLC,",09/18/2023,42000000.0,ARES INVESTMENT GROUP LLC,Reno,NV,20832.0,20887.93,04/06/2021,Paid in Full,Limited  Liability Company(LLC),531390,,1.0,"Readycap Lending, LLC","Readycap Lending, LLC",BERKELEY HEIGHTS,NJ,-895,True,False
ARES INVESTMENT GROUP LLC,7711 CENTER AVE,1683 SUNFLOWER AVE STE B,COSTA MESA,142-342-16,"ONE PACIFIC PLAZA OWNER LLC,",09/18/2023,42000000.0,ARES INVESTMENT GROUP LLC,Reno,NV,20832.0,20887.93,04/06/2021,Paid in Full,Limited  Liability Company(LLC),531390,,1.0,"Readycap Lending, LLC","Readycap Lending, LLC",BERKELEY HEIGHTS,NJ,-895,True,False
PTCM LLC,1940 MAPLE AVE APT 101,10781 LACONIA DR,VILLA PARK,935-500-60,"KAUL, CHRISTOPHER; TRUONG, BAO",07/09/2013,0.0,"PTCM, LLC",EAGAN,MN,20832.0,20975.47,08/07/2020,Paid in Full,Limited  Liability Company(LLC),531390,,1.0,"JPMorgan Chase Bank, National Association","JPMorgan Chase Bank, National Association",CHICAGO,IL,2586,True,True
CTA ENTERPRISES LLC,16221 WATSON CIR,9321 STANFORD AVE,GARDEN GROVE,107-911-25,"NGUYEN, QUOC A",11/19/2019,0.0,CTA ENTERPRISES LLC,Garden Grove,CA,20832.0,20929.6,03/25/2021,Paid in Full,Limited  Liability Company(LLC),531210,,1.0,Cross River Bank,Cross River Bank,TEANECK,NJ,492,False,True
CTA ENTERPRISES LLC,5231 CHADWICK DR,13362 BROOKHURST ST,GARDEN GROVE,146-621-12,"NGUYEN, QUOC; NGUYEN, JENNIFER",08/15/2001,0.0,CTA ENTERPRISES LLC,Garden Grove,CA,20832.0,20929.6,03/25/2021,Paid in Full,Limited  Liability Company(LLC),531210,,1.0,Cross River Bank,Cross River Bank,TEANECK,NJ,7162,False,True
CTA ENTERPRISES LLC,16221 WATSON CIR,9321 STANFORD AVE,GARDEN GROVE,107-911-25,"NGUYEN, QUOC A",11/19/2019,0.0,CTA ENTERPRISES LLC,GARDEN GROVE,CA,20832.0,21179.58,04/30/2020,Paid in Full,Limited  Liability Company(LLC),523930,,1.0,"Bank of America, National Association","Bank of America, National Association",CHARLOTTE,NC,163,False,True
CTA ENTERPRISES LLC,5231 CHADWICK DR,13362 BROOKHURST ST,GARDEN GROVE,146-621-12,"NGUYEN, QUOC; NGUYEN, JENNIFER",08/15/2001,0.0,CTA ENTERPRISES LLC,GARDEN GROVE,CA,20832.0,21179.58,04/30/2020,Paid in Full,Limited  Liability Company(LLC),523930,,1.0,"Bank of America, National Association","Bank of America, National Association",CHARLOTTE,NC,6833,False,True
JBH LLC,711 W 17TH ST # 19,18331 E SANTA CLARA AVE,NORTH TUSTIN,939-830-19,"B L FUND I PARTNERS A GENERAL PARTNERSHI,",03/16/2000,0.0,JBH LLC,Falls Church,VA,20800.0,21090.62,05/19/2020,Paid in Full,Limited  Liability Company(LLC),531210,,1.0,Atlantic Union Bank,Atlantic Union Bank,RICHMOND,VA,7369,True,True
LEE BROTHERS LLC,7042 KEARNY DR,18685 SANTA IRENE ST,FOUNTAIN VALLEY,111-130-36,",",09/25/2003,,LEE BROTHERS LLC,Hanston,KS,20800.0,20843.91,04/23/2021,Paid in Full,Limited  Liability Company(LLC),111110,,2.0,Bank of Hays,Bank of Hays,HAYS,KS,6420,True,False
PLH HOLDINGS LLC,14335 SUFFOLK ST,14331 SUFFOLK ST,WESTMINSTER,195-421-12,"HARRISON, PATTI L; HARRISON, PATTI L",,0.0,PLH HOLDINGS L. L. C.,CHASKA,MN,20800.0,20975.52,04/15/2020,Paid in Full,Limited  Liability Company(LLC),531210,,1.0,Bridgewater Bank,Bridgewater Bank,SAINT LOUIS PARK,MN,,True,False
A & D LLC,5821 VIEW CIR,18055 BUSHARD ST,FOUNTAIN VALLEY,146-312-13,"DO, ELIZABETH",05/18/2021,0.0,AD LLC,scarsdale,NY,20800.0,21099.29,05/01/2020,Paid in Full,Limited  Liability Company(LLC),,,2.0,"Citibank, N.A.","Citibank, N.A.",Sioux Falls,SD,-382,True,False
AMG GROUP LLC,807 MUIRFIELD DR,3 WOODLYN LN,BRADBURY,931-790-44,"JALIU, LOAN CRISTEL; JALIU, GABRIELA",06/27/2018,900000.0,"AMG GROUP, LLC",Delaware,OH,20800.0,21031.93,05/02/2020,Paid in Full,Limited  Liability Company(LLC),523930,,1.0,Live Oak Banking Company,Live Oak Banking Company,WILMINGTON,NC,675,True,True
LEE BROTHERS LLC,7042 KEARNY DR,18685 SANTA IRENE ST,FOUNTAIN VALLEY,111-130-36,",",09/25/2003,,LEE BROTHERS LLC,Hanston,KS,20800.0,20875.11,01/21/2021,Paid in Full,Limited  Liability Company(LLC),111199,,2.0,Bank of Hays,Bank of Hays,HAYS,KS,6328,True,False
JBH LLC,711 W 17TH ST # 19,18331 E SANTA CLARA AVE,NORTH TUSTIN,939-830-19,"B L FUND I PARTNERS A GENERAL PARTNERSHI,",03/16/2000,0.0,JBH LLC,PHOENIX,AZ,20607.0,20816.46,04/27/2020,Paid in Full,Limited  Liability Company(LLC),722513,,5.0,Loan Source Incorporated,Stearns Bank National Association,SAINT CLOUD,MN,7347,True,True
LOTUS PROPERTIES LLC,14472 SPA DR,18391 OLD LAMPLIGHTER CIR,VILLA PARK,195-195-13,"RAVIKUMAR, ASHA R",05/06/2021,0.0,LOTUS PROPERTIES LLC,SPRING,TX,20265.0,20534.27,05/01/2020,Paid in Full,Limited  Liability Company(LLC),531120,,5.0,"Wells Fargo Bank, National Association","Wells Fargo Bank, National Association",SIOUX FALLS,SD,-370,True,True
SAMPSON VENTURES LLC,17682 SAMPSON LN,12221 POPLAR ST STE 3,HESPERIA,165-331-17,"DEL S FOOD BARSTOW INC,",01/29/2025,0.0,SAMPSON VENTURES LLC,Mesa,AZ,20037.0,20241.27,05/01/2020,Paid in Full,Limited  Liability Company(LLC),561499,,2.0,WebBank,WebBank,SALT LAKE CITY,UT,-1734,True,True
CMR INVESTMENTS LLC,280 CAGNEY LN APT 115,1 PROSPECTOR DR,PARK CITY,930-775-73,"PICASSO PROPERTIES LLC,",03/13/2026,810000.0,"CMR INVESTMENTS, LLC",CUSTER,SD,20029.0,20041.07,04/10/2020,Paid in Full,Limited  Liability Company(LLC),531210,,2.0,Black Hills FCU,Black Hills FCU,Rapid City,SD,-2163,True,True
S & S 1 LLC,9514 BICKLEY DR # 8,1733 MONROVIA AVE STE V,COSTA MESA,931-930-16,"BABLOT, STEVEN R; BABLOT, SUSAN V",01/17/1996,0.0,"SS1, LLC",AVON LAKE,OH,20000.0,20187.83,08/03/2020,Paid in Full,Limited  Liability Company(LLC),511210,,1.0,"JPMorgan Chase Bank, National Association","JPMorgan Chase Bank, National Association",CHICAGO,IL,8965,True,False
NEWPORT LLC,4340 VON KARMAN AVE STE 205,640 N DIAMOND BAR BLVD,DIAMOND BAR,934-057-17,",",,,NEW PORT LLC,ROLLING MEADOWS,IL,20000.0,20097.22,04/10/2020,Paid in Full,Limited  Liability Company(LLC),523999,,9.0,East West Bank,East West Bank,PASADENA,CA,,True,True
SDM HOLDINGS LLC,16541 LOIRE CIR,1 COTTONWOOD,NEWPORT COAST,142-171-04,"BN NEW WORLD CORPORATION, ; BN NEW WORLD CORPORATION INC,",04/09/2025,1300000.0,SDM HOLDINGS LLC,Castle Pines,CO,19791.67,19891.14,03/20/2021,Paid in Full,Limited  Liability Company(LLC),541219,,1.0,Parkside Financial Bank & Trust,Parkside Financial Bank & Trust,CLAYTON,MO,-1481,True,True
JS PROPERTIES LLC,121 MAIN ST,4475 MISSION BLVD STE 226,SAN DIEGO,024-153-17,"SHAW, JACOB C; SHAW, CLAUDIA M",03/22/2024,0.0,J & S  PROPERTIES LLC,Chouteau,OK,19740.0,19946.72,01/17/2021,Paid in Full,Limited  Liability Company(LLC),332710,,2.0,First Bank,First Bank,ERICK,OK,-1160,True,True
GARDEN RANCH LLC,12888 WESTERN AVE,1166 REDFERN CT,CONCORD,931-432-21,"FULTS, CHRISTOPHER L; FULTS, JEANNE",06/12/2019,365000.0,GARDEN RANCH LLC,Colorado Springs,CO,19617.0,19762.25,02/24/2021,Paid in Full,Limited  Liability Company(LLC),623312,,3.0,"JPMorgan Chase Bank, National Association","JPMorgan Chase Bank, National Association",COLUMBUS,OH,623,True,True
AGG PROPERTIES LLC,12610 WESTMINSTER AVE # 2A,7070 PATTERSON DR,GARDEN GROVE,938-691-06,",",,,AGG PROPERTIES LLC,SAINT PETERSBURG,FL,19200.0,19398.93,05/16/2020,Paid in Full,Limited  Liability Company(LLC),531210,,1.0,Lake City Bank,Lake City Bank,WARSAW,IN,,True,True
PARS LLC,200 HARBOR WOODS PL,3117 S COLUMBIA CIR,TULSA,934-040-58,"KALANI, MOHAMMAD YASHAR; KALANI, KRISTIN NICOLE",06/14/2018,0.0,PARS LLC,Farmington Hills,MI,19169.0,19296.85,03/12/2021,Paid in Full,Corporation,722511,,2.0,"JPMorgan Chase Bank, National Association","JPMorgan Chase Bank, National Association",COLUMBUS,OH,1002,True,True
GFM INVESTMENTS LLC,1119 FLORIDA ST,4825 MAGNA CARTA BLVD,GRAND PRAIRIE,025-162-18,"GAIGE, ROBERT ANTHONY; BUTLER, JENNIFER R",06/11/2019,1465000.0,"GFM INVESTMENTS, LLC",MEMPHIS,TN,19128.0,19369.07,05/15/2020,Paid in Full,Limited  Liability Company(LLC),531120,,6.0,"Bank of America, National Association","Bank of America, National Association",CHARLOTTE,NC,339,True,True
GALAXY MANAGEMENT LLC,1100 QUAIL ST STE 212,3 RIEZ,NEWPORT COAST,938-941-60,"ORO REAL ESTATE GROUP USA LLC,",08/29/2014,210000.0,GALAXY MANAGEMENT LLC,CHARLOTTE,NC,18413.5,18588.43,04/28/2020,Paid in Full,Limited  Liability Company(LLC),721110,,5.0,First Horizon Bank,First Horizon Bank,MEMPHIS,TN,2069,True,True
POS LLC,227 2ND ST,328 DIAGONAL RD,EL DORADO,024-165-23,"LIBRODO, GERARD F",03/29/2007,0.0,"POS, LLC",EDMOND,OK,18200.0,18332.96,04/04/2020,Paid in Full,Limited  Liability Company(LLC),621320,,2.0,First National Bank of Oklahoma,First National Bank of Oklahoma,OKLAHOMA CITY,OK,4755,True,True
GARDEN RANCH LLC,12888 WESTERN AVE,1166 REDFERN CT,CONCORD,931-432-21,"FULTS, CHRISTOPHER L; FULTS, JEANNE",06/12/2019,365000.0,GARDEN RANCH LLC,COLORADO SPRINGS,CO,17807.0,17973.27,05/01/2020,Paid in Full,Limited  Liability Company(LLC),,,3.0,"JPMorgan Chase Bank, National Association","JPMorgan Chase Bank, National Association",CHICAGO,IL,324,True,True
ATN LLC,18586 GARNET LN,18586 GRANITE AVE # K,RIVERSIDE,111-391-59,"NGUYEN, AMADEUS; NGUYEN, TRIEU",02/13/2020,0.0,"ATN, LLC",NORFOLK,NE,17600.0,17694.03,06/23/2020,Paid in Full,Corporation,453998,,2.0,Elkhorn Valley Bank & Trust,Elkhorn Valley Bank & Trust,NORFOLK,NE,131,True,True
JS PROPERTIES LLC,121 MAIN ST,4475 MISSION BLVD STE 226,SAN DIEGO,024-153-17,"SHAW, JACOB C; SHAW, CLAUDIA M",03/22/2024,0.0,JS PROPERTIES LLC,Dix Hills,NY,17575.0,17757.97,06/23/2020,Paid in Full,Sole Proprietorship,541990,,1.0,Celtic Bank Corporation,Celtic Bank Corporation,SALT LAKE CITY,UT,-1368,True,True
KC GROUP LLC,15301 PACIFIC ST,10252 AVENIDA CINCO DE MAYO,FOUNTAIN VALLEY,142-052-10,"GARCIA, ANGEL; GARCIA FAMILY TRUST,",11/16/2022,820000.0,"K & C GROUP, LLC",Federal Way,WA,17300.0,17481.65,04/30/2020,Paid in Full,Limited  Liability Company(LLC),812113,,11.0,Red Canoe CU,Red Canoe CU,LONGVIEW,WA,-930,True,False
DRT INVESTMENTS LLC,16862 CORAL CAY LN,20101 SW BIRCH ST STE 151,NEWPORT BEACH,988-999-13,",",,,"DRT INVESTMENTS, LLC",PHOENIX,AZ,17210.0,17369.76,05/01/2020,Paid in Full,Limited  Liability Company(LLC),999990,,2.0,"JPMorgan Chase Bank, National Association","JPMorgan Chase Bank, National Association",CHICAGO,IL,,True,False
DRT INVESTMENTS LLC,19900 BEACH BLVD,20101 SW BIRCH ST STE 151,NEWPORT BEACH,153-091-27,"TAYLOR, DANIEL R; TAYLOR FAMILY TRUST,",10/28/2003,0.0,"DRT INVESTMENTS, LLC",PHOENIX,AZ,17210.0,17369.76,05/01/2020,Paid in Full,Limited  Liability Company(LLC),999990,,2.0,"JPMorgan Chase Bank, National Association","JPMorgan Chase Bank, National Association",CHICAGO,IL,6030,True,False
HB LLC,9472 RAMBLER DR,16340 75TH PL W,EDMONDS,149-053-07,"COVINGTON, JANET; CROSLEY, COURTNEY",06/04/2019,1127000.0,HB LLC,Denver,CO,16882.0,16984.68,03/26/2021,Paid in Full,Limited  Liability Company(LLC),423990,,1.0,"Wells Fargo Bank, National Association","Wells Fargo Bank, National Association",SIOUX FALLS,SD,661,True,True
ERA VENTURES LLC,8700 WARNER AVE,11160 WARNER AVE STE 315,FOUNTAIN VALLEY,167-371-01,"WARNER FV LLC,",08/28/2018,4000000.0,ERA VENTURES LLC,COTO LAUREL,PR,16500.0,16619.17,01/29/2021,Paid in Full,Limited  Liability Company(LLC),541611,,2.0,Banco Popular de Puerto Rico,Banco Popular de Puerto Rico,SAN JUAN,PR,885,True,False
SUMMIT PROPERTIES LLC,2501 FLORIDA ST,3334 E WOODBINE RD,ORANGE,025-111-58,"MADANI, REZA; MADANI REVOCABLE LIVING TRUST,",03/07/2025,3100000.0,SUMMIT PROPERTIES LLC,Guntersville,AL,16340.0,16419.43,02/02/2021,Paid in Full,Limited  Liability Company(LLC),531210,,2.0,Citizens Bank & Trust,Citizens Bank & Trust,GUNTERSVILLE,AL,-1494,True,True
SUMMIT PROPERTIES LLC,2501 FLORIDA ST,3334 E WOODBINE RD,ORANGE,025-111-58,"MADANI, REZA; MADANI REVOCABLE LIVING TRUST,",03/07/2025,3100000.0,"SUMMIT PROPERTIES, LLC",GUNTERSVILLE,AL,16340.0,16420.79,04/08/2020,Paid in Full,Limited  Liability Company(LLC),531210,,2.0,Citizens Bank & Trust,Citizens Bank & Trust,GUNTERSVILLE,AL,-1794,True,True
DLC ENTERPRISES LLC,17392 QUEENS LN,2650 ELM AVE STE 218,LONG BEACH,165-233-04,"ELKHOURY, GEORGE F; ELKHOURY, REBECCA L",12/02/2016,1125000.0,DLC ENTERPRISES LLC,Lincoln,RI,16042.0,16147.16,01/20/2021,Paid in Full,Limited  Liability Company(LLC),423110,,1.0,Navigant CU,Navigant CU,SMITHFIELD,RI,1510,True,False
INSIGHT PROPERTIES LLC,3151 AIRWAY AVE STE M3,3151 AIRWAY AVE STE J2,COSTA MESA,938-940-68,",",09/28/2005,,INSIGHT PROPERTIES LLC,Saint Charles,MO,14546.0,14629.24,03/03/2021,Paid in Full,Limited  Liability Company(LLC),531390,,2.0,"First Mid Bank & Trust, National Association",First Mid Bank and Trust National Association,COLUMBIA,MO,5635,True,False
INSIGHT PROPERTIES LLC,3151 AIRWAY AVE STE M3,3151 AIRWAY AVE STE J2,COSTA MESA,938-940-68,",",09/28/2005,,INSIGHT PROPERTIES LLC,SAINT CHARLES,MO,14500.0,14622.44,04/28/2020,Paid in Full,Limited  Liability Company(LLC),531210,,2.0,"First Mid Bank & Trust, National Association",First Mid Bank and Trust National Association,COLUMBIA,MO,5326,True,False
DBS-ENTERPRISES LLC,2881 COAST CIR APT A,8820 W RUSSELL RD STE 160,LAS VEGAS,936-770-37,"ANDERSEN, DONNA; VICTOR M ANDERSEN LIVING TRUST,",06/30/2022,1780000.0,DBS ENTERPRISES LLC,Miller,SD,14407.5,14493.16,04/08/2021,Paid in Full,Limited  Liability Company(LLC),236220,,1.0,First Dakota National Bank,First Dakota National Bank,YANKTON,SD,-448,True,True
GALAXY MANAGEMENT LLC,1100 QUAIL ST STE 212,3 RIEZ,NEWPORT COAST,938-941-60,"ORO REAL ESTATE GROUP USA LLC,",08/29/2014,210000.0,"GALAXY MANAGEMENT, LLC",Conyers,GA,14188.0,,03/10/2021,Exemption 4,Limited  Liability Company(LLC),561110,,6.0,Farmers and Merchants Bank,Farmers and Merchants Bank,LAKELAND,GA,2385,True,True
PARS LLC,200 HARBOR WOODS PL,3117 S COLUMBIA CIR,TULSA,934-040-58,"KALANI, MOHAMMAD YASHAR; KALANI, KRISTIN NICOLE",06/14/2018,0.0,PARS LLC,FARMINGTON HILLS,MI,13692.0,13843.33,05/01/2020,Paid in Full,Corporation,,,5.0,"JPMorgan Chase Bank, National Association","JPMorgan Chase Bank, National Association",CHICAGO,IL,687,True,True
MRB ENTERPRISES LLC,826 BRICKYARD LN # 8,825 BRICKYARD LN,COSTA MESA,937-782-53,",",,,"MRB ENTERPRISES, LLC",Andover,MA,13470.0,10322.03,05/05/2020,Paid in Full,Limited  Liability Company(LLC),519130,,1.0,Cross River Bank,"Kabbage, Inc.",Atlanta,GA,,True,False
SDR LLC,5902 CHINOOK DR,8861 KATELLA AVE,ANAHEIM,195-223-06,"RODRIGUEZ, OSCAR GABRIEL; RODRIGUEZ, LEAH DIANE",03/12/2020,770000.0,SDR LLC,GASTON,SC,13200.0,13312.83,06/11/2020,Paid in Full,Limited  Liability Company(LLC),484220,,4.0,Regions Bank,Regions Bank,BIRMINGHAM,AL,91,True,True
SDR LLC,15421 HANOVER LN,8861 KATELLA AVE,ANAHEIM,145-151-16,"CHANG, ROBERT TE CHIN; CHANG, SANDRA MEI LING TU",,0.0,SDR LLC,GASTON,SC,13200.0,13312.83,06/11/2020,Paid in Full,Limited  Liability Company(LLC),484220,,4.0,Regions Bank,Regions Bank,BIRMINGHAM,AL,,True,True
SDR LLC,16691 BARTLETT LN,8861 KATELLA AVE,ANAHEIM,142-412-08,"CHANG, ROBERT TE CHIN; CHANG, SANDRA MEI LING TU",,0.0,SDR LLC,GASTON,SC,13200.0,13312.83,06/11/2020,Paid in Full,Limited  Liability Company(LLC),484220,,4.0,Regions Bank,Regions Bank,BIRMINGHAM,AL,,True,True
SDR LLC,6561 SORENTO CIR,18437 STONEGATE LN,ROWLAND HEIGHTS,145-181-09,"CHANG, ROBERT T; CHANG, SANDRA T",,0.0,SDR LLC,GASTON,SC,13200.0,13312.83,06/11/2020,Paid in Full,Limited  Liability Company(LLC),484220,,4.0,Regions Bank,Regions Bank,BIRMINGHAM,AL,,True,True
BARAKAH LLC,8161 SAN ANGELO DR,9581 WESTWOOD DR,WESTMINSTER,107-773-08,"OBEID, ABDUL RAHMAN; OBEID, HELEN JOZANE",06/08/2007,0.0,"BARAKAH, LLC",FAIRFIELD,CT,13000.0,13097.95,06/29/2020,Paid in Full,Limited  Liability Company(LLC),445310,,2.0,First County Bank,First County Bank,STAMFORD,CT,4770,True,False
ON THE EDGE DESIGNS LLC,419 29TH ST,76-6174 ALII DR,KAILUA KONA,932-840-98,"ST JAMES DIVERSIFIED 29TH ST LIDO MGR LL,",08/31/2022,4579000.0,ON THE EDGE DESIGNS LLC,KAILUA KONA,HI,12900.0,13059.75,04/27/2020,Paid in Full,Limited  Liability Company(LLC),531110,,1.0,Bank of Hawaii,Bank of Hawaii,HONOLULU,HI,-856,True,True
HAN LLC,6262 CHINOOK AVE,6431 NAVAJO RD,WESTMINSTER,195-283-09,"THE PAUL SULAHIAN REVOCABLE LIVING TRUST, ; SINANIAN, LARA",03/17/2026,900000.0,HAN LLC,Leavenworth,KS,12869.0,12948.72,02/03/2021,Paid in Full,Limited  Liability Company(LLC),722511,,5.0,Country Club Bank,Country Club Bank,KANSAS CITY,MO,-1868,True,False
HAN LLC,6272 CHINOOK AVE,6431 NAVAJO RD,WESTMINSTER,195-283-10,"THE PAUL SULAHIAN REVOCABLE LIVING TRUST, ; SINANIAN, LARA",03/17/2026,900000.0,HAN LLC,Leavenworth,KS,12869.0,12948.72,02/03/2021,Paid in Full,Limited  Liability Company(LLC),722511,,5.0,Country Club Bank,Country Club Bank,KANSAS CITY,MO,-1868,True,False
SAMPSON VENTURES LLC,17682 SAMPSON LN,12221 POPLAR ST STE 3,HESPERIA,165-331-17,"DEL S FOOD BARSTOW INC,",01/29/2025,0.0,SAMPSON VENTURES LLC,Mesa,AZ,12653.0,12693.07,05/07/2021,Paid in Full,Limited  Liability Company(LLC),531390,,2.0,WebBank,WebBank,SALT LAKE CITY,UT,-1363,True,True
MJB RENTALS LLC,22 SURFSIDE AVE # B,10535 LEMORAN AVE,DOWNEY,178-491-14,"BUTLER, MELINDA A; MELINDA A BUTLER IRREVOCABLE TRUST,",,0.0,"MJB RENTALS, LLC.",Beaverton,OR,12607.29,,04/27/2020,Paid in Full,Limited  Liability Company(LLC),532412,,1.0,Washington Federal Bank d/b/a WaFd Bank,Washington Federal Bank d/b/a WaFd Bank,SEATTLE,WA,,True,True
AA INVESTMENT LLC,7942 SPEER DR,16293 HEMLOCK ST,FOUNTAIN VALLEY,165-311-16,"SPEER PROPERTIES LLC,",08/11/2022,2100000.0,A&A INVESTMENT LLC,GILBERT,AZ,12500.0,12570.83,04/28/2020,Paid in Full,Limited  Liability Company(LLC),611710,,10.0,First International Bank & Trust,First International Bank & Trust,WATFORD CITY,ND,-835,True,False
DRT LLC,16862 CORAL CAY LN,20101 SW BIRCH ST STE 151,NEWPORT BEACH,178-653-37,"DRI LLC, ; DRT LLC,",07/29/1997,0.0,"DRT, LLC",Atlanta,GA,12345.0,,06/04/2020,Charged Off,Limited  Liability Company(LLC),541990,,1.0,Fed ¿ Kabbage,"Kabbage, Inc.",Atlanta,GA,8346,True,False
ARABELLA LLC,17162 BLUEWATER LN # 165,18340 YORBA LINDA BLVD # 107-24,YORBA LINDA,933-831-65,"SHINDY, WALEED; SHINDY, TAMMY",11/17/1997,0.0,ARABELLA  LLC,Winter Park,FL,12100.0,12192.43,02/17/2021,Paid in Full,Limited  Liability Company(LLC),448120,,3.0,Fifth Third Bank,Fifth Third Bank,CINCINNATI,OH,8493,True,True
ARABELLA LLC,17162 BLUEWATER LN # 165,18340 YORBA LINDA BLVD # 107-24,YORBA LINDA,933-831-65,"SHINDY, WALEED; SHINDY, TAMMY",11/17/1997,0.0,"ARABELLA, LLC",WINTER PARK,FL,12100.0,12287.21,05/01/2020,Paid in Full,Limited  Liability Company(LLC),448120,,3.0,Fifth Third Bank,Fifth Third Bank,CINCINNATI,OH,8201,True,True
AA INVESTMENT LLC,7942 SPEER DR,16293 HEMLOCK ST,FOUNTAIN VALLEY,165-311-16,"SPEER PROPERTIES LLC,",08/11/2022,2100000.0,A&A INVESTMENT LLC,Gilbert,AZ,11942.0,12002.37,01/21/2021,Paid in Full,Limited  Liability Company(LLC),611691,,10.0,First International Bank & Trust,First International Bank & Trust,WATFORD CITY,ND,-567,True,False
KC GROUP LLC,15301 PACIFIC ST,10252 AVENIDA CINCO DE MAYO,FOUNTAIN VALLEY,142-052-10,"GARCIA, ANGEL; GARCIA FAMILY TRUST,",11/16/2022,820000.0,K & C GROUP LLC.,Omaha,NE,11777.0,11904.58,04/15/2020,Paid in Full,Corporation,454110,,2.0,WebBank,WebBank,SALT LAKE CITY,UT,-945,True,False
BAM HOMES LLC,21851 NEWLAND ST SPC 270,135 S STATE COLLEGE BLVD STE 200,BREA,890-892-70,",",,,"BAM HOMES, LLC",LAKE OSWEGO,OR,11600.0,11682.95,08/08/2020,Paid in Full,Subchapter S Corporation,236118,,1.0,KeyBank National Association,KeyBank National Association,CLEVELAND,OH,,True,True
ERA VENTURES LLC,8700 WARNER AVE,11160 WARNER AVE STE 315,FOUNTAIN VALLEY,167-371-01,"WARNER FV LLC,",08/28/2018,4000000.0,ERA VENTURES LLC,Cotto Laurel,PR,11400.0,11475.68,06/24/2020,Paid in Full,Limited  Liability Company(LLC),551114,,2.0,Banco Popular de Puerto Rico,Banco Popular de Puerto Rico,SAN JUAN,PR,666,True,False
SEA AIRE APARTMENTS LLC,729 UTICA AVE,1180 S BEVERLY DR STE 301,LOS ANGELES,025-191-28,", ASSOCIATES NINE",02/18/1998,1950000.0,SEA AIRE APARTMENTS LLC,LOS ANGELES,CA,9950.0,10060.28,06/01/2020,Paid in Full,Limited  Liability Company(LLC),531390,,1.0,First Bank,First Bank,Creve Coeur,MO,8139,False,True
SEA AIRE APARTMENTS LLC,733 UTICA AVE,1180 S BEVERLY DR STE 301,LOS ANGELES,025-191-31,",",01/22/2003,,SEA AIRE APARTMENTS LLC,LOS ANGELES,CA,9950.0,10060.28,06/01/2020,Paid in Full,Limited  Liability Company(LLC),531390,,1.0,First Bank,First Bank,Creve Coeur,MO,6340,False,True
SEA AIRE APARTMENTS LLC,725 UTICA AVE,1180 S BEVERLY DR STE 301,LOS ANGELES,025-191-29,"WEB SERVICE CO INC,",01/22/2003,0.0,SEA AIRE APARTMENTS LLC,LOS ANGELES,CA,9950.0,10060.28,06/01/2020,Paid in Full,Limited  Liability Company(LLC),531390,,1.0,First Bank,First Bank,Creve Coeur,MO,6340,False,True
DAYAL LLC,8491 ATLANTA AVE # 201,8120 WAGON WHEEL CT,ROSEMEAD,151-105-29,"MULTANI ENTERPRISES INC,",03/26/2019,1500000.0,DAYAL LLC,CHECOTAH,OK,9750.0,9804.23,04/27/2020,Paid in Full,Limited  Liability Company(LLC),721110,,6.0,Armstrong Bank,Armstrong Bank,MUSKOGEE,OK,398,True,True
ALCHEMY FACTORY LLC,2900 BRISTOL ST # 39,2900 BRISTOL ST STE D201,COSTA MESA,939-570-79,"OP PROPERTIES I LLC,",03/04/2016,620000.0,ALCHEMY FACTORY LLC,Costa Mesa,CA,9600.0,9675.48,05/01/2020,Paid in Full,Limited  Liability Company(LLC),541613,,2.0,"Zions Bank, A Division of","Zions Bank, A Division of",SALT LAKE CITY,UT,1519,False,False
JJ HOLDINGS LLC,20331 BLUFFSIDE CIR # A204,6000 HACKBERRY CT,FRISCO,936-178-59,"CHOPRA, VIK; CHOPRA, MEERA",12/12/2019,0.0,"J&J HOLDINGS, LLC",FLORENCE,MS,9600.0,9691.27,04/29/2020,Paid in Full,Limited  Liability Company(LLC),541618,,2.0,Regions Bank,Regions Bank,BIRMINGHAM,AL,139,True,True
RCP ENTERPRISES LLC,1688 TOPANGA,135 VIA YELLA,NEWPORT BEACH,930-617-47,",",,,RCP ENTERPRISES LLC,Johnston,RI,9397.0,9458.86,02/23/2021,Paid in Full,Limited  Liability Company(LLC),236220,,3.0,"TD Bank, National Association","TD Bank, National Association",WILMINGTON,DE,,True,False
TRIUMVIRATE LLC,21951 BROOKHURST ST,9874 RARITAN AVE,FOUNTAIN VALLEY,151-234-09,"ROSELL, DAVID T; ROSELL, LORI L",11/19/2021,2800000.0,TRIUMVIRATE LLC,Cheyenne,WY,9237.05,9317.02,04/10/2021,Paid in Full,Corporation,451120,,5.0,Pinnacle Bank-Wyoming,Pinnacle Bank-Wyoming,Cody,WY,-223,True,False
COVE CAPITAL LLC,2230 PACIFIC AVE APT A,172 SIDNEY BAY DR,NEWPORT COAST,935-840-24,"FIOCK, RICHARD E; RICHARD FLOCK 2023 CHARITABLE REMAINDER,",06/29/2023,3400000.0,"COVE CAPITAL, LLC",Boca Raton,FL,8750.0,8844.93,06/12/2020,Paid in Full,Limited  Liability Company(LLC),236115,,2.0,Celtic Bank Corporation,Celtic Bank Corporation,SALT LAKE CITY,UT,-1112,True,True
COVE CAPITAL LLC,2230 PACIFIC AVE APT B,172 SIDNEY BAY DR,NEWPORT COAST,935-840-25,"FLOCK, RICHARD E; THE RICHARD FLOCK TRUST,",,0.0,"COVE CAPITAL, LLC",Boca Raton,FL,8750.0,8844.93,06/12/2020,Paid in Full,Limited  Liability Company(LLC),236115,,2.0,Celtic Bank Corporation,Celtic Bank Corporation,SALT LAKE CITY,UT,,True,True
COVE CAPITAL LLC,2230 PACIFIC AVE APT C,172 SIDNEY BAY DR,NEWPORT COAST,935-840-26,"FLOCK, RICHARD E; THE RICHARD FLOCK TRUST,",,0.0,"COVE CAPITAL, LLC",Boca Raton,FL,8750.0,8844.93,06/12/2020,Paid in Full,Limited  Liability Company(LLC),236115,,2.0,Celtic Bank Corporation,Celtic Bank Corporation,SALT LAKE CITY,UT,,True,True
COVE CAPITAL LLC,2230 PACIFIC AVE APT D,172 SIDNEY BAY DR,NEWPORT COAST,935-840-27,"FLOCK, RICHARD E; THE RICHARD FLOCK TRUST,",,0.0,"COVE CAPITAL, LLC",Boca Raton,FL,8750.0,8844.93,06/12/2020,Paid in Full,Limited  Liability Company(LLC),236115,,2.0,Celtic Bank Corporation,Celtic Bank Corporation,SALT LAKE CITY,UT,,True,True
COVE CAPITAL LLC,2230 PACIFIC AVE,172 SIDNEY BAY DR,NEWPORT COAST,935-840-28,"FIOCK, RICHARD E; RICHARD FIOCK TRUST,",,0.0,"COVE CAPITAL, LLC",Boca Raton,FL,8750.0,8844.93,06/12/2020,Paid in Full,Limited  Liability Company(LLC),236115,,2.0,Celtic Bank Corporation,Celtic Bank Corporation,SALT LAKE CITY,UT,,True,True
TB THE TWINS LLC,7425 LAMPSON AVE,6022 E JACK PINE LN,ORANGE,936-751-57,"PHAM, BAY VAN; TON, TRANG",01/26/2017,0.0,"TB THE TWINS, LLC",ORANGE,CA,8750.0,8861.71,05/01/2020,Paid in Full,Limited  Liability Company(LLC),999990,,2.0,"JPMorgan Chase Bank, National Association","JPMorgan Chase Bank, National Association",CHICAGO,IL,1191,False,True
TB THE TWINS LLC,7427 LAMPSON AVE,6022 E JACK PINE LN,ORANGE,936-751-58,"PHAM, BAY VAN; TON, TRANG",01/26/2017,0.0,"TB THE TWINS, LLC",ORANGE,CA,8750.0,8861.71,05/01/2020,Paid in Full,Limited  Liability Company(LLC),999990,,2.0,"JPMorgan Chase Bank, National Association","JPMorgan Chase Bank, National Association",CHICAGO,IL,1191,False,True
FRR LLC,17711 CRABB LN,12304 MCCANN DR,SANTA FE SPRINGS,165-291-14,"LENZKES JR, RUDOLF",,0.0,"FRR, LLC",Burlington,IA,8600.0,8658.77,06/29/2020,Paid in Full,Limited  Liability Company(LLC),238220,,2.0,MidWestOne Bank,MidWestOne Bank,IOWA CITY,IA,,True,True
FRR LLC,17712 CRABB LN,12304 MCCANN DR,SANTA FE SPRINGS,165-291-15,"LENZKES JR, RUDOLF",,0.0,"FRR, LLC",Burlington,IA,8600.0,8658.77,06/29/2020,Paid in Full,Limited  Liability Company(LLC),238220,,2.0,MidWestOne Bank,MidWestOne Bank,IOWA CITY,IA,,True,True
FRR LLC,17711 CRABB LN,12304 MCCANN DR,SANTA FE SPRINGS,165-291-14,"LENZKES JR, RUDOLF",,0.0,FRR LLC,Burlington,IA,8600.0,8676.21,02/17/2021,Paid in Full,Limited  Liability Company(LLC),238220,,2.0,MidWestOne Bank,MidWestOne Bank,IOWA CITY,IA,,True,True
FRR LLC,17712 CRABB LN,12304 MCCANN DR,SANTA FE SPRINGS,165-291-15,"LENZKES JR, RUDOLF",,0.0,FRR LLC,Burlington,IA,8600.0,8676.21,02/17/2021,Paid in Full,Limited  Liability Company(LLC),238220,,2.0,MidWestOne Bank,MidWestOne Bank,IOWA CITY,IA,,True,True
S & N COMPANY LLC,6422 DUNN DR,PO BOX 4035,WESTMINSTER,145-271-05,"S & N COMPANY,",01/21/2016,0.0,"S N COMPANY, LLC",FLORENCE,SC,8500.0,8566.82,04/12/2020,Paid in Full,Limited  Liability Company(LLC),721110,,4.0,First Bank,First Bank,SOUTHERN PINES,NC,1543,True,False
S & N COMPANY LLC,15942 PLYMOUTH LN,PO BOX 4035,WESTMINSTER,145-095-07,"S & N COMPANY,",01/20/2016,0.0,"S N COMPANY, LLC",FLORENCE,SC,8500.0,8566.82,04/12/2020,Paid in Full,Limited  Liability Company(LLC),721110,,4.0,First Bank,First Bank,SOUTHERN PINES,NC,1544,True,False
S & N COMPANY LLC,5351 OCEANUS DR,PO BOX 4035,WESTMINSTER,145-014-66,"S&N COMPANY,",02/28/1996,0.0,"S N COMPANY, LLC",FLORENCE,SC,8500.0,8566.82,04/12/2020,Paid in Full,Limited  Liability Company(LLC),721110,,4.0,First Bank,First Bank,SOUTHERN PINES,NC,8810,True,False
S & N COMPANY LLC,115 8TH ST,PO BOX 4035,WESTMINSTER,024-123-07,"S & N COMPANY,",,0.0,"S N COMPANY, LLC",FLORENCE,SC,8500.0,8566.82,04/12/2020,Paid in Full,Limited  Liability Company(LLC),721110,,4.0,First Bank,First Bank,SOUTHERN PINES,NC,,True,False
GOODWILL LLC,12838 PALM ST UNIT 2,411 KINGSTON CT,MT PROSPECT,930-174-57,"CHANG, MICHAEL T; CHANG, TSAI FEN L",06/28/2019,475000.0,GOODWILL LLC,BROOKFIELD,CT,8500.0,8552.68,04/28/2020,Paid in Full,Limited  Liability Company(LLC),445120,,2.0,Union Savings Bank,Union Savings Bank,DANBURY,CT,305,True,True
POINTFAR AUTOMATION LLC,16655 PACIFIC COAST HWY,18710 VINTAGE ST,NORTHRIDGE,178-523-09,"VISION DEVELOPMENT LLC,",03/10/2026,1400000.0,POINTFAR AUTOMATION LLC,NEW HALL,CA,8500.0,8556.59,04/30/2020,Paid in Full,Limited  Liability Company(LLC),541618,,2.0,"U.S. Bank, National Association",US Bank National Association,San Francisco,CA,-2140,False,True
SANDERSON GROUP LLC,16212 KIPLING CIR,48 CIELO AZUL,MISSION VIEJO,107-903-11,"SHAMROUKH, AHMAD; SHAMROUKH, RAWA",02/09/1999,0.0,SANDERSON GROUP LLC,AUSTIN,TX,8332.0,,04/30/2020,Paid in Full,Limited  Liability Company(LLC),541420,,3.0,"JPMorgan Chase Bank, National Association","JPMorgan Chase Bank, National Association",CHICAGO,IL,7751,True,True
HB LLC,9472 RAMBLER DR,16340 75TH PL W,EDMONDS,149-053-07,"COVINGTON, JANET; CROSLEY, COURTNEY",06/04/2019,1127000.0,HB LLC,Fairfax,VA,8206.0,,05/12/2021,Charged Off,Limited Liability Partnership,541910,,2.0,Customers Bank,"Leader Bank, National Association",ARLINGTON,MA,708,True,True
GOODWILL LLC,12838 PALM ST UNIT 2,411 KINGSTON CT,MT PROSPECT,930-174-57,"CHANG, MICHAEL T; CHANG, TSAI FEN L",06/28/2019,475000.0,GOODWILL LLC,Brookfield,CT,7900.0,7949.38,01/26/2021,Paid in Full,Limited  Liability Company(LLC),445120,,2.0,Union Savings Bank,Union Savings Bank,DANBURY,CT,578,True,True
HAN LLC,6262 CHINOOK AVE,6431 NAVAJO RD,WESTMINSTER,195-283-09,"THE PAUL SULAHIAN REVOCABLE LIVING TRUST, ; SINANIAN, LARA",03/17/2026,900000.0,HAN LLC,LEAVENWORTH,KS,7900.0,7952.45,05/01/2020,Paid in Full,Limited  Liability Company(LLC),722511,,2.0,Country Club Bank,Country Club Bank,KANSAS CITY,MO,-2146,True,False
HAN LLC,6272 CHINOOK AVE,6431 NAVAJO RD,WESTMINSTER,195-283-10,"THE PAUL SULAHIAN REVOCABLE LIVING TRUST, ; SINANIAN, LARA",03/17/2026,900000.0,HAN LLC,LEAVENWORTH,KS,7900.0,7952.45,05/01/2020,Paid in Full,Limited  Liability Company(LLC),722511,,2.0,Country Club Bank,Country Club Bank,KANSAS CITY,MO,-2146,True,False
TRIUMVIRATE LLC,21951 BROOKHURST ST,9874 RARITAN AVE,FOUNTAIN VALLEY,151-234-09,"ROSELL, DAVID T; ROSELL, LORI L",11/19/2021,2800000.0,TRIUMVIRATE LLC,CHEYENNE,WY,7700.0,7769.19,04/15/2020,Paid in Full,Corporation,453998,,3.0,Pinnacle Bank-Wyoming,Pinnacle Bank-Wyoming,Cody,WY,-583,True,False
FOCUS REALTY LLC,4340 VON KARMAN AVE STE 200,19100 VON KARMAN AVE STE 570,NEWPORT BEACH,934-057-12,"PRES 4340 VON KARMAN LP,",10/27/2017,1912000.0,FOCUS REALTY LLC,DASSEL,MN,7500.0,7574.79,05/15/2020,Paid in Full,Limited  Liability Company(LLC),531210,,2.0,Royal CU,Royal CU,EAU CLAIRE,WI,931,True,False
FOCUS REALTY LLC,4340 VON KARMAN AVE STE 201,19100 VON KARMAN AVE STE 570,NEWPORT BEACH,934-057-13,",",,,FOCUS REALTY LLC,DASSEL,MN,7500.0,7574.79,05/15/2020,Paid in Full,Limited  Liability Company(LLC),531210,,2.0,Royal CU,Royal CU,EAU CLAIRE,WI,,True,False
FOCUS REALTY LLC,4340 VON KARMAN AVE STE 211,19100 VON KARMAN AVE STE 570,NEWPORT BEACH,934-057-23,",",,,FOCUS REALTY LLC,DASSEL,MN,7500.0,7574.79,05/15/2020,Paid in Full,Limited  Liability Company(LLC),531210,,2.0,Royal CU,Royal CU,EAU CLAIRE,WI,,True,False
JJ HOLDINGS LLC,20331 BLUFFSIDE CIR # A204,6000 HACKBERRY CT,FRISCO,936-178-59,"CHOPRA, VIK; CHOPRA, MEERA",12/12/2019,0.0,J&J HOLDINGS LLC,Florence,MS,7500.0,7520.75,04/29/2021,Paid in Full,Limited  Liability Company(LLC),541618,,2.0,Regions Bank,Regions Bank,BIRMINGHAM,AL,504,True,True
PALACE PROPERTIES LLC,755 W 17TH ST STE I,1575 PLACENTIA AVE,NEWPORT BEACH,939-831-09,"CM17 PROPERTIES LLC,",12/12/2014,375000.0,PALACE PROPERTIES LLC,AURORA,IL,7200.0,7289.75,04/15/2020,Paid in Full,Limited  Liability Company(LLC),531110,,2.0,"Associated Bank, National Association","Associated Bank, National Association",GREEN BAY,WI,1951,True,False
RCP ENTERPRISES LLC,1688 TOPANGA,135 VIA YELLA,NEWPORT BEACH,930-617-47,",",,,"RCP ENTERPRISES, LLC",Johnston,RI,7155.0,7205.14,04/28/2020,Paid in Full,Limited  Liability Company(LLC),236220,,2.0,"TD Bank, National Association","TD Bank, National Association",WILMINGTON,DE,,True,False
SDR LLC,5902 CHINOOK DR,8861 KATELLA AVE,ANAHEIM,195-223-06,"RODRIGUEZ, OSCAR GABRIEL; RODRIGUEZ, LEAH DIANE",03/12/2020,770000.0,SDR LLC,Salt Lake City,UT,6796.87,6831.32,05/07/2021,Paid in Full,Corporation,541990,,1.0,Mountain America FCU,Mountain America FCU,SANDY,UT,421,True,True
SDR LLC,15421 HANOVER LN,8861 KATELLA AVE,ANAHEIM,145-151-16,"CHANG, ROBERT TE CHIN; CHANG, SANDRA MEI LING TU",,0.0,SDR LLC,Salt Lake City,UT,6796.87,6831.32,05/07/2021,Paid in Full,Corporation,541990,,1.0,Mountain America FCU,Mountain America FCU,SANDY,UT,,True,True
SDR LLC,16691 BARTLETT LN,8861 KATELLA AVE,ANAHEIM,142-412-08,"CHANG, ROBERT TE CHIN; CHANG, SANDRA MEI LING TU",,0.0,SDR LLC,Salt Lake City,UT,6796.87,6831.32,05/07/2021,Paid in Full,Corporation,541990,,1.0,Mountain America FCU,Mountain America FCU,SANDY,UT,,True,True
SDR LLC,6561 SORENTO CIR,18437 STONEGATE LN,ROWLAND HEIGHTS,145-181-09,"CHANG, ROBERT T; CHANG, SANDRA T",,0.0,SDR LLC,Salt Lake City,UT,6796.87,6831.32,05/07/2021,Paid in Full,Corporation,541990,,1.0,Mountain America FCU,Mountain America FCU,SANDY,UT,,True,True
KL INDUSTRIES LLC,711 W 17TH ST # 18,711 W 17TH ST STE B7,COSTA MESA,939-830-18,"POBANZ, YUMIKO",10/11/1995,0.0,"K & L INDUSTRIES, LLC",ZWINGLE,IA,6700.0,6751.92,04/27/2020,Paid in Full,Limited  Liability Company(LLC),811111,,1.0,Dupaco Community CU,Dupaco Community CU,DUBUQUE,IA,8965,True,False
SDR LLC,5902 CHINOOK DR,8861 KATELLA AVE,ANAHEIM,195-223-06,"RODRIGUEZ, OSCAR GABRIEL; RODRIGUEZ, LEAH DIANE",03/12/2020,770000.0,SDR LLC,SALT LAKE CITY,UT,6200.0,6262.17,05/20/2020,Paid in Full,Corporation,541990,,1.0,Mountain America FCU,Mountain America FCU,SANDY,UT,69,True,True
SDR LLC,15421 HANOVER LN,8861 KATELLA AVE,ANAHEIM,145-151-16,"CHANG, ROBERT TE CHIN; CHANG, SANDRA MEI LING TU",,0.0,SDR LLC,SALT LAKE CITY,UT,6200.0,6262.17,05/20/2020,Paid in Full,Corporation,541990,,1.0,Mountain America FCU,Mountain America FCU,SANDY,UT,,True,True
SDR LLC,16691 BARTLETT LN,8861 KATELLA AVE,ANAHEIM,142-412-08,"CHANG, ROBERT TE CHIN; CHANG, SANDRA MEI LING TU",,0.0,SDR LLC,SALT LAKE CITY,UT,6200.0,6262.17,05/20/2020,Paid in Full,Corporation,541990,,1.0,Mountain America FCU,Mountain America FCU,SANDY,UT,,True,True
SDR LLC,6561 SORENTO CIR,18437 STONEGATE LN,ROWLAND HEIGHTS,145-181-09,"CHANG, ROBERT T; CHANG, SANDRA T",,0.0,SDR LLC,SALT LAKE CITY,UT,6200.0,6262.17,05/20/2020,Paid in Full,Corporation,541990,,1.0,Mountain America FCU,Mountain America FCU,SANDY,UT,,True,True
POSEIDON ENTERPRISES LLC,16891 CORAL CAY LN,14269 FERN AVE,CHINO,178-653-19,"THE FULCRUM GROUP,",02/17/2005,0.0,POSEIDON ENTERPRISES LLC,Hillsborough,NJ,6070.0,6109.99,03/17/2021,Paid in Full,Limited  Liability Company(LLC),561790,,1.0,"JPMorgan Chase Bank, National Association","JPMorgan Chase Bank, National Association",COLUMBUS,OH,5872,True,True
ARABELLA LLC,17162 BLUEWATER LN # 165,18340 YORBA LINDA BLVD # 107-24,YORBA LINDA,933-831-65,"SHINDY, WALEED; SHINDY, TAMMY",11/17/1997,0.0,"ARABELLA, LLC",PIQUA,OH,5832.5,5892.42,04/10/2020,Paid in Full,Limited  Liability Company(LLC),812112,,1.0,Minster Bank,Minster Bank,MINSTER,OH,8180,True,True
ARABELLA LLC,17162 BLUEWATER LN # 165,18340 YORBA LINDA BLVD # 107-24,YORBA LINDA,933-831-65,"SHINDY, WALEED; SHINDY, TAMMY",11/17/1997,0.0,ARABELLA LLC,Skaneateles,NY,5830.84,5884.04,02/19/2021,Paid in Full,Limited  Liability Company(LLC),812112,,1.0,"Square Capital, LLC","Square Capital, LLC",San Francisco,CA,8495,True,True
BW & ASSOCIATES LLC,1200 RUTLAND RD # 25,2 PACIFIC WINDS,NEWPORT COAST,934-180-25,"GODBER, DAVID S; THE DAVID S GODBER TRUST,",09/02/2022,0.0,B&W ASSOCIATES LLC,Aurora,CO,5800.0,5816.59,03/26/2021,Paid in Full,Corporation,334220,,1.0,"Newtek Small Business Finance, Inc.","Newtek Small Business Finance, Inc.",LAKE SUCCESS,NY,-525,True,True
NM 168 LLC,10139 LIGHTBREEZE CIR,10900 WARNER AVE STE 120,FOUNTAIN VALLEY,155-151-08,"HB HOMES MANAGEMENT LLC,",12/02/2022,2782500.0,NM 168 LLC,Irvine,CA,5767.0,5804.36,03/12/2021,Paid in Full,Partnership,531120,,1.0,"JPMorgan Chase Bank, National Association","JPMorgan Chase Bank, National Association",COLUMBUS,OH,-630,False,False
NM 168 LLC,10149 LIGHTBREEZE CIR,10900 WARNER AVE STE 120,FOUNTAIN VALLEY,155-151-07,"HB HOMES MANAGEMENT LLC,",12/02/2022,2782500.0,NM 168 LLC,Irvine,CA,5767.0,5804.36,03/12/2021,Paid in Full,Partnership,531120,,1.0,"JPMorgan Chase Bank, National Association","JPMorgan Chase Bank, National Association",COLUMBUS,OH,-630,False,False
GOSPA LLC,12610 WESTMINSTER AVE # 2C,10635 BRUNS DR,TUSTIN,938-691-08,"TWOMEY HOLDINGS LLC,",06/27/2016,583000.0,GO SPA LLC,Chicago,IL,5557.5,5598.31,01/20/2021,Paid in Full,Limited  Liability Company(LLC),812199,,1.0,BMO Bank National Association,BMO Bank National Association,Chicago,IL,1668,True,True
PEACEFUL JOURNEY LLC,16511 GOLDENWEST ST,PO BOX 1405,SUNSET BEACH,146-271-46,"FORD PROPERTIES LP,",08/30/2018,0.0,PEACEFUL JOURNEY LLC,HUNTINGTON BEACH,CA,5010.0,5055.02,05/08/2020,Paid in Full,Limited  Liability Company(LLC),531312,,1.0,"Wells Fargo Bank, National Association","Wells Fargo Bank, National Association",SIOUX FALLS,SD,617,False,True
L & E HOLDINGS LLC,10541 LAKESIDE DR S # 159,9932 CRIS AVE,ANAHEIM,939-881-59,"WHOMSLEY, LUTHER E; WHOMSLEY, ELLEN C",12/19/1997,0.0,L & E HOLDINGS LLC,GROVE,OK,4700.0,4743.21,04/07/2020,Paid in Full,Limited  Liability Company(LLC),812910,,2.0,Arvest Bank,Arvest Bank,FAYETTEVILLE,AR,8145,True,True
ARABELLA LLC,17162 BLUEWATER LN # 165,18340 YORBA LINDA BLVD # 107-24,YORBA LINDA,933-831-65,"SHINDY, WALEED; SHINDY, TAMMY",11/17/1997,0.0,ARABELLA LLC,Skaneateles,NY,4303.16,4329.8,05/01/2020,Paid in Full,Limited  Liability Company(LLC),812112,,1.0,"Square Capital, LLC",Celtic Bank Corporation,SALT LAKE CITY,UT,8201,True,True
OG RESIDENTIAL LLC,8940 COMET CIR,16404 SHADOW CT,LA MIRADA,107-626-20,"FARLEY, CATHLEEN MARIE; ESTATE OF MARIE ANNE ROBLEDO,",09/12/2025,925000.0,OG RESIDENTIAL LLC,LA MIRADA,CA,4240.0,4277.75,05/01/2020,Paid in Full,Corporation,,,1.0,"Wells Fargo Bank, National Association","Wells Fargo Bank, National Association",SIOUX FALLS,SD,-1960,False,True
OG RESIDENTIAL LLC,8940 COMET CIR,16404 SHADOW CT,LA MIRADA,107-626-20,"FARLEY, CATHLEEN MARIE; ESTATE OF MARIE ANNE ROBLEDO,",09/12/2025,925000.0,OG RESIDENTIAL LLC,La Mirada,CA,4222.0,4274.75,02/02/2021,Paid in Full,Corporation,531390,,1.0,"Wells Fargo Bank, National Association","Wells Fargo Bank, National Association",SIOUX FALLS,SD,-1683,False,True
KC GROUP LLC,15301 PACIFIC ST,10252 AVENIDA CINCO DE MAYO,FOUNTAIN VALLEY,142-052-10,"GARCIA, ANGEL; GARCIA FAMILY TRUST,",11/16/2022,820000.0,KC GROUP LLC,Hammonton,NJ,4140.0,4164.84,04/02/2021,Paid in Full,Limited  Liability Company(LLC),541410,,1.0,"Capital Plus Financial, LLC","Capital Plus Financial, LLC",Bedford,TX,-593,True,False
WILDCAT PROPERTIES LLC,200 PACIFIC COAST HWY UNIT 345,4800 COLLEGE BLVD STE 204,FARMINGTON,939-506-09,"AURORA LOAN SERVICES LLC,",07/02/2010,600000.0,WILDCAT PROPERTIES LLC,Greenfield Center,NY,4000.0,4040.44,06/03/2020,Paid in Full,Limited  Liability Company(LLC),532289,,1.0,WebBank,WebBank,SALT LAKE CITY,UT,3624,True,True
GOSPA LLC,12610 WESTMINSTER AVE # 2C,10635 BRUNS DR,TUSTIN,938-691-08,"TWOMEY HOLDINGS LLC,",06/27/2016,583000.0,"GO SPA, LLC",CHICAGO,IL,3700.0,3735.38,04/15/2020,Paid in Full,Limited  Liability Company(LLC),812199,,1.0,BMO Bank National Association,BMO Bank National Association,Chicago,IL,1388,True,True
A & D LLC,5821 VIEW CIR,18055 BUSHARD ST,FOUNTAIN VALLEY,146-312-13,"DO, ELIZABETH",05/18/2021,0.0,A&D LLC,TONGANOXIE,KS,3500.0,3524.6,06/30/2020,Paid in Full,Limited  Liability Company(LLC),447110,,2.0,First State Bank and Trust,First State Bank and Trust,TONGANOXIE,KS,-322,True,False
ARABELLA LLC,17162 BLUEWATER LN # 165,18340 YORBA LINDA BLVD # 107-24,YORBA LINDA,933-831-65,"SHINDY, WALEED; SHINDY, TAMMY",11/17/1997,0.0,ARABELLA LLC,Glen Arbor,MI,3379.0,3411.85,01/19/2021,Paid in Full,Limited  Liability Company(LLC),453220,,1.0,Honor Bank,Honor Bank,HONOR,MI,8464,True,True
ARABELLA LLC,17162 BLUEWATER LN # 165,18340 YORBA LINDA BLVD # 107-24,YORBA LINDA,933-831-65,"SHINDY, WALEED; SHINDY, TAMMY",11/17/1997,0.0,"ARABELLA, LLC",Glen Arbor,MI,3379.0,3400.11,04/27/2020,Paid in Full,Limited  Liability Company(LLC),453220,,1.0,Honor Bank,Honor Bank,HONOR,MI,8197,True,True
POINTFAR AUTOMATION LLC,16655 PACIFIC COAST HWY,18710 VINTAGE ST,NORTHRIDGE,178-523-09,"VISION DEVELOPMENT LLC,",03/10/2026,1400000.0,POINTFAR AUTOMATION LLC,Santa Clarita,CA,2865.0,2875.36,05/13/2021,Paid in Full,Limited  Liability Company(LLC),541330,,2.0,Customers Bank,"Leader Bank, National Association",ARLINGTON,MA,-1762,False,True
DNA INVESTMENTS LLC,7 IMA LOA CT # 160,7 IMA LOA CT,NEWPORT BEACH,932-581-60,"IMA LOA LLC,",06/27/2025,1575000.0,DNA INVESTMENTS LLC,New Orleans,LA,2452.0,2462.21,04/17/2021,Paid in Full,Limited  Liability Company(LLC),561720,,1.0,Customers Bank,Customers Bank,Malvern,PA,-1532,True,False
BAM HOMES LLC,21851 NEWLAND ST SPC 270,135 S STATE COLLEGE BLVD STE 200,BREA,890-892-70,",",,,BAM HOMES LLC,Lake Oswego,OR,2417.0,2444.35,02/05/2021,Paid in Full,Subchapter S Corporation,236118,,1.0,KeyBank National Association,KeyBank National Association,CLEVELAND,OH,,True,True
HB LLC,9472 RAMBLER DR,16340 75TH PL W,EDMONDS,149-053-07,"COVINGTON, JANET; CROSLEY, COURTNEY",06/04/2019,1127000.0,H & B LLC,CALMAR,IA,2300.0,2320.25,05/01/2020,Paid in Full,Limited  Liability Company(LLC),531120,,2.0,CUSB Bank,CUSB Bank,Cresco,IA,332,True,True
YSA LLC,12 HARBOR IS,4343 VON KARMAN AVE STE 350,NEWPORT BEACH,988-023-55,",",,,YSA LLC,RICHMOND,VA,2296.0,2323.3,06/23/2020,Paid in Full,Limited  Liability Company(LLC),445120,,1.0,Fed ¿ Kabbage,"Kabbage, Inc.",Atlanta,GA,,True,False
KJH INVESTMENTS LLC,17210 SAN MATEO ST # 24,12761 LONGDEN ST,GARDEN GROVE,930-294-24,"GRIMSHAW, HAROLD K; GRIMSHAW, DIANE L",08/31/2022,1166000.0,K & J H INVESTMENTS LLC,Milwaukee,WI,1457.0,1460.76,05/12/2021,Paid in Full,Limited  Liability Company(LLC),531311,,1.0,"U.S. Bank, National Association","U.S. Bank, National Association",CINCINNATI,OH,-476,True,True
MY VILLAGE LLC,12555 EUCLID ST APT 53,PO BOX 2247,ANAHEIM,930-536-39,"AADESS, LATIFA",11/26/2002,0.0,MY VILLAGE LLC,OLYMPIA,WA,1000.0,1006.72,05/08/2020,Paid in Full,Limited  Liability Company(LLC),812990,,7.0,Washington State Employees Credit Union,Washington State Employees Credit Union,OLYMPIA,WA,6373,True,True
